order_id,date,product_name,brand,quantity,unit_price,total_price
100000,2025-05-02 18:00:00,Brambory 2kg,Rohlik Farma,1,51.33,51.33
100000,2025-05-02 18:00:00,Bílý jogurt 400g,Danone,1,29.04,29.04
100000,2025-05-02 18:00:00,Mycí prostředek na nádobí,Jar,1,52.7,52.7
100000,2025-05-02 18:00:00,Eidam 30% plátky,Madeta,2,40.8,81.6
100000,2025-05-02 18:00:00,Toaletní papír 8ks,Papírny,1,106.82,106.82
100000,2025-05-02 18:00:00,Zmrzlina vanilková,Ben & Jerry's,3,133.67,401.02
100000,2025-05-02 18:00:00,Minerální voda 1.5l,Mattoni,1,19.23,19.23
100001,2025-05-03 08:00:00,Čokoláda,Milka,1,42.97,42.97
100001,2025-05-03 08:00:00,Banány,Rohlik Farma,3,39.58,118.74
100001,2025-05-03 08:00:00,Prací gel 1.5l,Persil,1,216.08,216.08
100001,2025-05-03 08:00:00,Šunka,Kostelecké uzeniny,2,81.85,163.71
100001,2025-05-03 08:00:00,Kuřecí prsa,Vodňanské kuře,1,176.07,176.07
100001,2025-05-03 08:00:00,Mrkev,Rohlik Farma,2,28.03,56.07
100001,2025-05-03 08:00:00,Bílý jogurt 400g,Danone,1,33.42,33.42
100001,2025-05-03 08:00:00,Rajčata,Rohlik Farma,3,50.46,151.37
100001,2025-05-03 08:00:00,Mražená pizza,Dr. Oetker,3,94.74,284.22
100001,2025-05-03 08:00:00,Eidam 30% plátky,Madeta,1,51.58,51.58
100001,2025-05-03 08:00:00,Vejce M 10ks,Rohlik Farma,1,88.21,88.21
100001,2025-05-03 08:00:00,Losos filet,Norway Seafoods,2,241.4,482.81
100001,2025-05-03 08:00:00,Víno červené,Bohemia Sekt,3,198.43,595.28
100001,2025-05-03 08:00:00,Mleté hovězí maso,Steak House,1,187.59,187.59
100001,2025-05-03 08:00:00,Rohlíky 6ks,Rohlik Bakery,1,23.49,23.49
100001,2025-05-03 08:00:00,Avokádo,Rohlik Farma,3,39.7,119.09
100002,2025-05-06 12:00:00,Chléb konzumní,Penam,1,44.99,44.99
100002,2025-05-06 12:00:00,Losos filet,Norway Seafoods,1,238.36,238.36
100002,2025-05-06 12:00:00,Mrkev,Rohlik Farma,1,27.53,27.53
100002,2025-05-06 12:00:00,Víno červené,Bohemia Sekt,2,173.08,346.16
100002,2025-05-06 12:00:00,Prací gel 1.5l,Persil,1,213.25,213.25
100002,2025-05-06 12:00:00,Minerální voda 1.5l,Mattoni,2,21.26,42.53
100003,2025-05-07 20:00:00,Mražená zelenina mix,Bonduelle,3,51.26,153.78
100003,2025-05-07 20:00:00,Víno červené,Bohemia Sekt,2,178.97,357.95
100003,2025-05-07 20:00:00,Chléb konzumní,Penam,1,48.27,48.27
100003,2025-05-07 20:00:00,Bílý jogurt 400g,Danone,1,32.88,32.88
100003,2025-05-07 20:00:00,Mrkev,Rohlik Farma,1,27.22,27.22
100003,2025-05-07 20:00:00,Ořechy mix 200g,Rohlik Farma,1,83.5,83.5
100003,2025-05-07 20:00:00,Brambory 2kg,Rohlik Farma,1,53.8,53.8
100003,2025-05-07 20:00:00,Minerální voda 1.5l,Mattoni,2,19.93,39.87
100003,2025-05-07 20:00:00,Prací gel 1.5l,Persil,2,188.13,376.26
100003,2025-05-07 20:00:00,Čokoláda,Milka,2,40.26,80.52
100004,2025-05-10 08:00:00,Mražená zelenina mix,Bonduelle,2,53.43,106.87
100004,2025-05-10 08:00:00,Minerální voda 1.5l,Mattoni,2,21.43,42.87
100004,2025-05-10 08:00:00,Chipsy,Lay's,3,43.86,131.57
100004,2025-05-10 08:00:00,Mrkev,Rohlik Farma,3,25.67,77.02
100004,2025-05-10 08:00:00,Zmrzlina vanilková,Ben & Jerry's,1,121.03,121.03
100004,2025-05-10 08:00:00,Víno červené,Bohemia Sekt,1,185.24,185.24
100004,2025-05-10 08:00:00,Kuřecí prsa,Vodňanské kuře,2,179.61,359.22
100004,2025-05-10 08:00:00,Eidam 30% plátky,Madeta,2,44.15,88.29
100004,2025-05-10 08:00:00,Avokádo,Rohlik Farma,1,32.48,32.48
100004,2025-05-10 08:00:00,Šunka,Kostelecké uzeniny,1,99.65,99.65
100004,2025-05-10 08:00:00,Banány,Rohlik Farma,1,37.43,37.43
100004,2025-05-10 08:00:00,Chléb konzumní,Penam,1,47.02,47.02
100004,2025-05-10 08:00:00,Čerstvé mléko 1l,Rohlik Farma,1,25.8,25.8
100004,2025-05-10 08:00:00,Ořechy mix 200g,Rohlik Farma,2,98.26,196.51
100005,2025-05-13 20:00:00,Banány,Rohlik Farma,2,43.87,87.74
100005,2025-05-13 20:00:00,Mrkev,Rohlik Farma,2,23.26,46.51
100005,2025-05-13 20:00:00,Rohlíky 6ks,Rohlik Bakery,1,20.15,20.15
100005,2025-05-13 20:00:00,Káva zrnková 250g,Illy,1,208.37,208.37
100005,2025-05-13 20:00:00,Šunka,Kostelecké uzeniny,1,93.19,93.19
100005,2025-05-13 20:00:00,Rajčata,Rohlik Farma,1,50.48,50.48
100005,2025-05-13 20:00:00,Minerální voda 1.5l,Mattoni,3,17.38,52.14
100005,2025-05-13 20:00:00,Prací gel 1.5l,Persil,1,212.88,212.88
100005,2025-05-13 20:00:00,Chipsy,Lay's,1,41.3,41.3
100005,2025-05-13 20:00:00,Avokádo,Rohlik Farma,1,33.94,33.94
100005,2025-05-13 20:00:00,Losos filet,Norway Seafoods,2,237.44,474.87
100005,2025-05-13 20:00:00,Mleté hovězí maso,Steak House,1,204.28,204.28
100006,2025-05-16 20:00:00,Šunka,Kostelecké uzeniny,1,85.63,85.63
100006,2025-05-16 20:00:00,Rajčata,Rohlik Farma,1,56.87,56.87
100006,2025-05-16 20:00:00,Eidam 30% plátky,Madeta,1,45.25,45.25
100006,2025-05-16 20:00:00,Zmrzlina vanilková,Ben & Jerry's,1,131.02,131.02
100006,2025-05-16 20:00:00,Toaletní papír 8ks,Papírny,1,100.07,100.07
100006,2025-05-16 20:00:00,Mražená pizza,Dr. Oetker,2,91.52,183.05
100006,2025-05-16 20:00:00,Mleté hovězí maso,Steak House,3,217.32,651.95
100006,2025-05-16 20:00:00,Chipsy,Lay's,1,51.4,51.4
100006,2025-05-16 20:00:00,Prací gel 1.5l,Persil,1,177.96,177.96
100006,2025-05-16 20:00:00,Chléb konzumní,Penam,2,42.85,85.71
100006,2025-05-16 20:00:00,Máslo 250g,Prezident,2,73.16,146.33
100006,2025-05-16 20:00:00,Ořechy mix 200g,Rohlik Farma,1,88.53,88.53
100006,2025-05-16 20:00:00,Káva zrnková 250g,Illy,2,192.29,384.59
100006,2025-05-16 20:00:00,Losos filet,Norway Seafoods,2,241.86,483.71
100006,2025-05-16 20:00:00,Kuřecí prsa,Vodňanské kuře,3,181.15,543.46
100006,2025-05-16 20:00:00,Rohlíky 6ks,Rohlik Bakery,2,23.44,46.88
100007,2025-05-18 12:00:00,Pomerančový džus,Rauch,3,57.73,173.18
100007,2025-05-18 12:00:00,Mycí prostředek na nádobí,Jar,1,57.53,57.53
100007,2025-05-18 12:00:00,Minerální voda 1.5l,Mattoni,2,21.47,42.93
100007,2025-05-18 12:00:00,Máslo 250g,Prezident,2,61.06,122.12
100008,2025-05-20 12:00:00,Káva zrnková 250g,Illy,2,185.06,370.13
100008,2025-05-20 12:00:00,Vejce M 10ks,Rohlik Farma,2,75.96,151.93
100008,2025-05-20 12:00:00,Toaletní papír 8ks,Papírny,2,90.08,180.17
100008,2025-05-20 12:00:00,Zmrzlina vanilková,Ben & Jerry's,1,129.62,129.62
100008,2025-05-20 12:00:00,Brambory 2kg,Rohlik Farma,2,51.02,102.05
100009,2025-05-21 18:00:00,Toaletní papír 8ks,Papírny,3,105.08,315.23
100009,2025-05-21 18:00:00,Prací gel 1.5l,Persil,2,185.04,370.08
100009,2025-05-21 18:00:00,Kuřecí prsa,Vodňanské kuře,1,143.47,143.47
100009,2025-05-21 18:00:00,Brambory 2kg,Rohlik Farma,2,56.33,112.66
100009,2025-05-21 18:00:00,Mrkev,Rohlik Farma,1,22.96,22.96
100009,2025-05-21 18:00:00,Losos filet,Norway Seafoods,1,255.59,255.59
100009,2025-05-21 18:00:00,Bílý jogurt 400g,Danone,1,36.27,36.27
100010,2025-05-24 12:00:00,Ořechy mix 200g,Rohlik Farma,3,82.4,247.21
100010,2025-05-24 12:00:00,Minerální voda 1.5l,Mattoni,1,18.36,18.36
100010,2025-05-24 12:00:00,Prací gel 1.5l,Persil,1,205.18,205.18
100010,2025-05-24 12:00:00,Avokádo,Rohlik Farma,1,33.88,33.88
100010,2025-05-24 12:00:00,Káva zrnková 250g,Illy,2,189.58,379.16
100010,2025-05-24 12:00:00,Víno červené,Bohemia Sekt,1,170.21,170.21
100010,2025-05-24 12:00:00,Rohlíky 6ks,Rohlik Bakery,3,24.49,73.47
100010,2025-05-24 12:00:00,Čerstvé mléko 1l,Rohlik Farma,2,28.62,57.24
100010,2025-05-24 12:00:00,Toaletní papír 8ks,Papírny,1,91.38,91.38
100010,2025-05-24 12:00:00,Mražená zelenina mix,Bonduelle,2,54.26,108.52
100010,2025-05-24 12:00:00,Mražená pizza,Dr. Oetker,1,89.19,89.19
100011,2025-05-27 20:00:00,Prací gel 1.5l,Persil,2,177.1,354.19
100011,2025-05-27 20:00:00,Šunka,Kostelecké uzeniny,1,81.03,81.03
100011,2025-05-27 20:00:00,Minerální voda 1.5l,Mattoni,1,21.37,21.37
100011,2025-05-27 20:00:00,Čerstvé mléko 1l,Rohlik Farma,1,31.49,31.49
100011,2025-05-27 20:00:00,Eidam 30% plátky,Madeta,1,48.17,48.17
100011,2025-05-27 20:00:00,Vejce M 10ks,Rohlik Farma,3,73.13,219.39
100011,2025-05-27 20:00:00,Mražená pizza,Dr. Oetker,2,110.98,221.96
100011,2025-05-27 20:00:00,Bílý jogurt 400g,Danone,2,36.59,73.18
100011,2025-05-27 20:00:00,Zmrzlina vanilková,Ben & Jerry's,3,121.08,363.25
100011,2025-05-27 20:00:00,Máslo 250g,Prezident,1,72.55,72.55
100011,2025-05-27 20:00:00,Mleté hovězí maso,Steak House,1,211.75,211.75
100011,2025-05-27 20:00:00,Pomerančový džus,Rauch,1,55.75,55.75
100012,2025-05-30 12:00:00,Banány,Rohlik Farma,1,43.06,43.06
100012,2025-05-30 12:00:00,Čokoláda,Milka,2,38.51,77.02
100012,2025-05-30 12:00:00,Prací gel 1.5l,Persil,1,180.63,180.63
100012,2025-05-30 12:00:00,Eidam 30% plátky,Madeta,3,42.67,128.02
100012,2025-05-30 12:00:00,Losos filet,Norway Seafoods,1,241.44,241.44
100012,2025-05-30 12:00:00,Máslo 250g,Prezident,1,74.21,74.21
100012,2025-05-30 12:00:00,Croissant,Rohlik Bakery,1,28.65,28.65
100012,2025-05-30 12:00:00,Brambory 2kg,Rohlik Farma,2,49.0,97.99
100013,2025-06-03 18:00:00,Pomerančový džus,Rauch,1,63.85,63.85
100013,2025-06-03 18:00:00,Mrkev,Rohlik Farma,1,25.23,25.23
100013,2025-06-03 18:00:00,Máslo 250g,Prezident,2,60.38,120.76
100013,2025-06-03 18:00:00,Eidam 30% plátky,Madeta,2,42.64,85.28
100013,2025-06-03 18:00:00,Káva zrnková 250g,Illy,1,214.36,214.36
100013,2025-06-03 18:00:00,Šunka,Kostelecké uzeniny,1,91.67,91.67
100014,2025-06-08 20:00:00,Toaletní papír 8ks,Papírny,1,106.91,106.91
100014,2025-06-08 20:00:00,Mražená pizza,Dr. Oetker,1,101.65,101.65
100014,2025-06-08 20:00:00,Kuřecí prsa,Vodňanské kuře,3,159.33,478.0
100014,2025-06-08 20:00:00,Káva zrnková 250g,Illy,2,213.79,427.57
100014,2025-06-08 20:00:00,Zmrzlina vanilková,Ben & Jerry's,2,120.21,240.41
100015,2025-06-14 08:00:00,Avokádo,Rohlik Farma,2,35.37,70.73
100015,2025-06-14 08:00:00,Rajčata,Rohlik Farma,3,52.44,157.32
100015,2025-06-14 08:00:00,Šunka,Kostelecké uzeniny,2,97.76,195.52
100015,2025-06-14 08:00:00,Čokoláda,Milka,3,36.75,110.26
100015,2025-06-14 08:00:00,Pomerančový džus,Rauch,1,57.29,57.29
100015,2025-06-14 08:00:00,Káva zrnková 250g,Illy,3,210.59,631.77
100015,2025-06-14 08:00:00,Víno červené,Bohemia Sekt,1,165.28,165.28
100015,2025-06-14 08:00:00,Kuřecí prsa,Vodňanské kuře,1,169.84,169.84
100016,2025-06-15 12:00:00,Čerstvé mléko 1l,Rohlik Farma,1,28.39,28.39
100016,2025-06-15 12:00:00,Máslo 250g,Prezident,3,67.85,203.56
100016,2025-06-15 12:00:00,Brambory 2kg,Rohlik Farma,3,52.63,157.89
100016,2025-06-15 12:00:00,Croissant,Rohlik Bakery,2,29.0,57.99
100016,2025-06-15 12:00:00,Káva zrnková 250g,Illy,1,211.74,211.74
100016,2025-06-15 12:00:00,Chipsy,Lay's,1,50.54,50.54
100017,2025-06-19 20:00:00,Minerální voda 1.5l,Mattoni,1,19.27,19.27
100017,2025-06-19 20:00:00,Brambory 2kg,Rohlik Farma,2,52.28,104.56
100017,2025-06-19 20:00:00,Mražená pizza,Dr. Oetker,2,103.84,207.67
100017,2025-06-19 20:00:00,Zmrzlina vanilková,Ben & Jerry's,2,135.86,271.72
100018,2025-06-27 12:00:00,Mrkev,Rohlik Farma,1,28.08,28.08
100018,2025-06-27 12:00:00,Chipsy,Lay's,1,42.06,42.06
100018,2025-06-27 12:00:00,Mražená zelenina mix,Bonduelle,1,48.79,48.79
100018,2025-06-27 12:00:00,Rohlíky 6ks,Rohlik Bakery,1,23.69,23.69
100018,2025-06-27 12:00:00,Croissant,Rohlik Bakery,1,29.11,29.11
100018,2025-06-27 12:00:00,Víno červené,Bohemia Sekt,1,185.38,185.38
100018,2025-06-27 12:00:00,Brambory 2kg,Rohlik Farma,2,44.86,89.73
100018,2025-06-27 12:00:00,Mražená pizza,Dr. Oetker,2,98.74,197.48
100018,2025-06-27 12:00:00,Chléb konzumní,Penam,2,47.73,95.47
100018,2025-06-27 12:00:00,Vejce M 10ks,Rohlik Farma,1,88.02,88.02
100018,2025-06-27 12:00:00,Avokádo,Rohlik Farma,2,34.83,69.66
100018,2025-06-27 12:00:00,Mycí prostředek na nádobí,Jar,1,62.46,62.46
100018,2025-06-27 12:00:00,Prací gel 1.5l,Persil,1,205.7,205.7
100018,2025-06-27 12:00:00,Kuřecí prsa,Vodňanské kuře,2,164.49,328.99
100019,2025-07-02 20:00:00,Losos filet,Norway Seafoods,2,269.18,538.36
100019,2025-07-02 20:00:00,Kuřecí prsa,Vodňanské kuře,2,179.65,359.3
100019,2025-07-02 20:00:00,Toaletní papír 8ks,Papírny,2,102.32,204.64
100019,2025-07-02 20:00:00,Čokoláda,Milka,2,40.87,81.74
100020,2025-07-04 20:00:00,Zmrzlina vanilková,Ben & Jerry's,1,122.93,122.93
100020,2025-07-04 20:00:00,Chléb konzumní,Penam,1,41.34,41.34
100020,2025-07-04 20:00:00,Banány,Rohlik Farma,2,37.81,75.63
100020,2025-07-04 20:00:00,Máslo 250g,Prezident,2,62.6,125.2
100020,2025-07-04 20:00:00,Mrkev,Rohlik Farma,1,25.44,25.44
100020,2025-07-04 20:00:00,Losos filet,Norway Seafoods,3,257.68,773.04
100021,2025-07-06 08:00:00,Víno červené,Bohemia Sekt,1,195.42,195.42
100021,2025-07-06 08:00:00,Máslo 250g,Prezident,1,68.35,68.35
100021,2025-07-06 08:00:00,Chipsy,Lay's,3,48.58,145.74
100021,2025-07-06 08:00:00,Čerstvé mléko 1l,Rohlik Farma,1,31.95,31.95
100021,2025-07-06 08:00:00,Brambory 2kg,Rohlik Farma,1,51.19,51.19
100021,2025-07-06 08:00:00,Rajčata,Rohlik Farma,1,57.42,57.42
100021,2025-07-06 08:00:00,Ořechy mix 200g,Rohlik Farma,2,88.93,177.85
100021,2025-07-06 08:00:00,Káva zrnková 250g,Illy,3,188.97,566.9
100021,2025-07-06 08:00:00,Bílý jogurt 400g,Danone,2,34.32,68.65
100021,2025-07-06 08:00:00,Čokoláda,Milka,3,37.47,112.4
100021,2025-07-06 08:00:00,Toaletní papír 8ks,Papírny,3,108.22,324.66
100021,2025-07-06 08:00:00,Croissant,Rohlik Bakery,3,30.45,91.36
100021,2025-07-06 08:00:00,Eidam 30% plátky,Madeta,1,49.46,49.46
100021,2025-07-06 08:00:00,Zmrzlina vanilková,Ben & Jerry's,2,141.34,282.68
100021,2025-07-06 08:00:00,Chléb konzumní,Penam,1,43.39,43.39
100021,2025-07-06 08:00:00,Mleté hovězí maso,Steak House,3,187.61,562.83
100022,2025-07-08 20:00:00,Eidam 30% plátky,Madeta,2,49.59,99.18
100022,2025-07-08 20:00:00,Šunka,Kostelecké uzeniny,2,97.34,194.67
100022,2025-07-08 20:00:00,Mleté hovězí maso,Steak House,2,190.68,381.36
100022,2025-07-08 20:00:00,Víno červené,Bohemia Sekt,3,187.61,562.84
100022,2025-07-08 20:00:00,Chléb konzumní,Penam,1,46.74,46.74
100022,2025-07-08 20:00:00,Prací gel 1.5l,Persil,1,183.28,183.28
100022,2025-07-08 20:00:00,Bílý jogurt 400g,Danone,2,30.75,61.5
100022,2025-07-08 20:00:00,Mražená zelenina mix,Bonduelle,2,51.08,102.16
100022,2025-07-08 20:00:00,Banány,Rohlik Farma,3,38.8,116.39
100022,2025-07-08 20:00:00,Rohlíky 6ks,Rohlik Bakery,1,22.52,22.52
100022,2025-07-08 20:00:00,Mrkev,Rohlik Farma,1,23.64,23.64
100023,2025-07-09 18:00:00,Mrkev,Rohlik Farma,1,24.01,24.01
100023,2025-07-09 18:00:00,Mražená zelenina mix,Bonduelle,2,50.09,100.17
100023,2025-07-09 18:00:00,Káva zrnková 250g,Illy,1,213.46,213.46
100023,2025-07-09 18:00:00,Prací gel 1.5l,Persil,3,203.73,611.2
100023,2025-07-09 18:00:00,Mražená pizza,Dr. Oetker,2,108.73,217.45
100023,2025-07-09 18:00:00,Minerální voda 1.5l,Mattoni,1,18.5,18.5
100023,2025-07-09 18:00:00,Čerstvé mléko 1l,Rohlik Farma,2,30.04,60.09
100023,2025-07-09 18:00:00,Rohlíky 6ks,Rohlik Bakery,1,23.45,23.45
100023,2025-07-09 18:00:00,Rajčata,Rohlik Farma,1,56.01,56.01
100024,2025-07-13 20:00:00,Avokádo,Rohlik Farma,3,36.19,108.57
100024,2025-07-13 20:00:00,Mrkev,Rohlik Farma,3,23.66,70.97
100024,2025-07-13 20:00:00,Brambory 2kg,Rohlik Farma,1,53.15,53.15
100024,2025-07-13 20:00:00,Eidam 30% plátky,Madeta,1,48.65,48.65
100024,2025-07-13 20:00:00,Mycí prostředek na nádobí,Jar,2,57.71,115.41
100024,2025-07-13 20:00:00,Rajčata,Rohlik Farma,1,60.95,60.95
100024,2025-07-13 20:00:00,Kuřecí prsa,Vodňanské kuře,1,152.14,152.14
100024,2025-07-13 20:00:00,Ořechy mix 200g,Rohlik Farma,1,86.83,86.83
100025,2025-07-15 08:00:00,Minerální voda 1.5l,Mattoni,3,21.23,63.68
100025,2025-07-15 08:00:00,Avokádo,Rohlik Farma,2,32.4,64.8
100025,2025-07-15 08:00:00,Prací gel 1.5l,Persil,1,197.22,197.22
100025,2025-07-15 08:00:00,Bílý jogurt 400g,Danone,2,32.63,65.26
100026,2025-07-16 08:00:00,Zmrzlina vanilková,Ben & Jerry's,2,136.4,272.8
100026,2025-07-16 08:00:00,Croissant,Rohlik Bakery,1,27.2,27.2
100026,2025-07-16 08:00:00,Eidam 30% plátky,Madeta,2,51.18,102.36
100026,2025-07-16 08:00:00,Ořechy mix 200g,Rohlik Farma,1,102.21,102.21
100026,2025-07-16 08:00:00,Vejce M 10ks,Rohlik Farma,1,82.12,82.12
100026,2025-07-16 08:00:00,Losos filet,Norway Seafoods,2,261.84,523.69
100026,2025-07-16 08:00:00,Mražená zelenina mix,Bonduelle,2,46.86,93.73
100026,2025-07-16 08:00:00,Čokoláda,Milka,2,38.81,77.62
100027,2025-07-18 20:00:00,Pomerančový džus,Rauch,1,57.0,57.0
100027,2025-07-18 20:00:00,Káva zrnková 250g,Illy,1,186.91,186.91
100027,2025-07-18 20:00:00,Máslo 250g,Prezident,1,67.47,67.47
100027,2025-07-18 20:00:00,Mražená zelenina mix,Bonduelle,1,44.13,44.13
100027,2025-07-18 20:00:00,Mycí prostředek na nádobí,Jar,2,58.98,117.96
100027,2025-07-18 20:00:00,Eidam 30% plátky,Madeta,2,43.78,87.55
100027,2025-07-18 20:00:00,Rajčata,Rohlik Farma,1,53.46,53.46
100027,2025-07-18 20:00:00,Víno červené,Bohemia Sekt,1,192.56,192.56
100028,2025-07-31 12:00:00,Avokádo,Rohlik Farma,2,31.85,63.7
100028,2025-07-31 12:00:00,Káva zrnková 250g,Illy,2,215.64,431.29
100028,2025-07-31 12:00:00,Mycí prostředek na nádobí,Jar,2,52.94,105.89
100028,2025-07-31 12:00:00,Ořechy mix 200g,Rohlik Farma,1,85.19,85.19
100028,2025-07-31 12:00:00,Pomerančový džus,Rauch,3,65.43,196.29
100028,2025-07-31 12:00:00,Mražená pizza,Dr. Oetker,2,103.63,207.26
100028,2025-07-31 12:00:00,Chléb konzumní,Penam,1,48.3,48.3
100028,2025-07-31 12:00:00,Eidam 30% plátky,Madeta,3,49.74,149.22
100028,2025-07-31 12:00:00,Zmrzlina vanilková,Ben & Jerry's,2,117.4,234.79
100028,2025-07-31 12:00:00,Chipsy,Lay's,1,45.79,45.79
100028,2025-07-31 12:00:00,Losos filet,Norway Seafoods,3,251.63,754.89
100028,2025-07-31 12:00:00,Mrkev,Rohlik Farma,1,23.63,23.63
100028,2025-07-31 12:00:00,Rohlíky 6ks,Rohlik Bakery,2,22.2,44.39
100028,2025-07-31 12:00:00,Croissant,Rohlik Bakery,2,33.13,66.25
100028,2025-07-31 12:00:00,Toaletní papír 8ks,Papírny,2,97.71,195.42
100028,2025-07-31 12:00:00,Máslo 250g,Prezident,1,63.72,63.72
100029,2025-08-01 12:00:00,Šunka,Kostelecké uzeniny,1,87.1,87.1
100029,2025-08-01 12:00:00,Prací gel 1.5l,Persil,1,175.58,175.58
100029,2025-08-01 12:00:00,Croissant,Rohlik Bakery,2,32.37,64.74
100029,2025-08-01 12:00:00,Avokádo,Rohlik Farma,1,37.25,37.25
100029,2025-08-01 12:00:00,Toaletní papír 8ks,Papírny,2,100.53,201.07
100029,2025-08-01 12:00:00,Losos filet,Norway Seafoods,1,235.78,235.78
100029,2025-08-01 12:00:00,Minerální voda 1.5l,Mattoni,1,20.06,20.06
100029,2025-08-01 12:00:00,Máslo 250g,Prezident,2,68.66,137.33
100029,2025-08-01 12:00:00,Chléb konzumní,Penam,1,39.94,39.94
100030,2025-08-06 12:00:00,Banány,Rohlik Farma,2,43.24,86.48
100030,2025-08-06 12:00:00,Avokádo,Rohlik Farma,2,33.63,67.27
100030,2025-08-06 12:00:00,Minerální voda 1.5l,Mattoni,2,17.79,35.57
100030,2025-08-06 12:00:00,Čerstvé mléko 1l,Rohlik Farma,1,31.65,31.65
100030,2025-08-06 12:00:00,Zmrzlina vanilková,Ben & Jerry's,2,140.17,280.34
100030,2025-08-06 12:00:00,Šunka,Kostelecké uzeniny,1,99.32,99.32
100030,2025-08-06 12:00:00,Vejce M 10ks,Rohlik Farma,1,86.36,86.36
100030,2025-08-06 12:00:00,Brambory 2kg,Rohlik Farma,2,48.26,96.53
100030,2025-08-06 12:00:00,Eidam 30% plátky,Madeta,2,43.51,87.01
100030,2025-08-06 12:00:00,Chléb konzumní,Penam,1,40.77,40.77
100030,2025-08-06 12:00:00,Toaletní papír 8ks,Papírny,1,109.83,109.83
100030,2025-08-06 12:00:00,Bílý jogurt 400g,Danone,2,36.79,73.58
100030,2025-08-06 12:00:00,Croissant,Rohlik Bakery,2,32.37,64.75
100030,2025-08-06 12:00:00,Mražená zelenina mix,Bonduelle,2,50.7,101.4
100030,2025-08-06 12:00:00,Mrkev,Rohlik Farma,1,24.58,24.58
100031,2025-08-08 18:00:00,Prací gel 1.5l,Persil,1,185.13,185.13
100031,2025-08-08 18:00:00,Brambory 2kg,Rohlik Farma,2,52.74,105.48
100031,2025-08-08 18:00:00,Pomerančový džus,Rauch,2,58.79,117.59
100031,2025-08-08 18:00:00,Losos filet,Norway Seafoods,3,273.43,820.28
100031,2025-08-08 18:00:00,Mražená zelenina mix,Bonduelle,3,56.12,168.35
100031,2025-08-08 18:00:00,Chipsy,Lay's,2,51.35,102.71
100031,2025-08-08 18:00:00,Šunka,Kostelecké uzeniny,1,91.28,91.28
100032,2025-08-16 12:00:00,Croissant,Rohlik Bakery,3,28.98,86.95
100032,2025-08-16 12:00:00,Čokoláda,Milka,1,43.4,43.4
100032,2025-08-16 12:00:00,Mrkev,Rohlik Farma,3,27.87,83.61
100032,2025-08-16 12:00:00,Kuřecí prsa,Vodňanské kuře,2,181.03,362.05
100032,2025-08-16 12:00:00,Káva zrnková 250g,Illy,3,214.86,644.57
100033,2025-08-19 08:00:00,Víno červené,Bohemia Sekt,1,195.13,195.13
100033,2025-08-19 08:00:00,Toaletní papír 8ks,Papírny,3,110.7,332.09
100033,2025-08-19 08:00:00,Avokádo,Rohlik Farma,2,32.96,65.91
100033,2025-08-19 08:00:00,Brambory 2kg,Rohlik Farma,1,55.17,55.17
100033,2025-08-19 08:00:00,Mycí prostředek na nádobí,Jar,1,53.96,53.96
100033,2025-08-19 08:00:00,Vejce M 10ks,Rohlik Farma,1,76.89,76.89
100033,2025-08-19 08:00:00,Šunka,Kostelecké uzeniny,1,89.68,89.68
100034,2025-08-20 20:00:00,Toaletní papír 8ks,Papírny,1,100.51,100.51
100034,2025-08-20 20:00:00,Čokoláda,Milka,1,39.58,39.58
100034,2025-08-20 20:00:00,Banány,Rohlik Farma,3,35.19,105.57
100034,2025-08-20 20:00:00,Zmrzlina vanilková,Ben & Jerry's,2,145.16,290.33
100034,2025-08-20 20:00:00,Ořechy mix 200g,Rohlik Farma,3,92.26,276.79
100034,2025-08-20 20:00:00,Vejce M 10ks,Rohlik Farma,1,79.82,79.82
100034,2025-08-20 20:00:00,Káva zrnková 250g,Illy,1,228.24,228.24
100034,2025-08-20 20:00:00,Losos filet,Norway Seafoods,1,263.87,263.87
100034,2025-08-20 20:00:00,Mycí prostředek na nádobí,Jar,2,58.99,117.98
100034,2025-08-20 20:00:00,Brambory 2kg,Rohlik Farma,2,54.45,108.91
100034,2025-08-20 20:00:00,Croissant,Rohlik Bakery,1,33.35,33.35
100034,2025-08-20 20:00:00,Pomerančový džus,Rauch,2,54.67,109.35
100034,2025-08-20 20:00:00,Bílý jogurt 400g,Danone,2,33.38,66.75
100035,2025-08-23 20:00:00,Čerstvé mléko 1l,Rohlik Farma,3,28.68,86.03
100035,2025-08-23 20:00:00,Pomerančový džus,Rauch,1,64.54,64.54
100035,2025-08-23 20:00:00,Zmrzlina vanilková,Ben & Jerry's,1,135.68,135.68
100035,2025-08-23 20:00:00,Toaletní papír 8ks,Papírny,1,94.52,94.52
100035,2025-08-23 20:00:00,Chipsy,Lay's,1,47.49,47.49
100035,2025-08-23 20:00:00,Mycí prostředek na nádobí,Jar,3,59.89,179.67
100035,2025-08-23 20:00:00,Máslo 250g,Prezident,3,69.56,208.69
100035,2025-08-23 20:00:00,Káva zrnková 250g,Illy,1,210.36,210.36
100036,2025-08-26 20:00:00,Pomerančový džus,Rauch,1,66.52,66.52
100036,2025-08-26 20:00:00,Mleté hovězí maso,Steak House,1,205.42,205.42
100036,2025-08-26 20:00:00,Mycí prostředek na nádobí,Jar,1,52.26,52.26
100036,2025-08-26 20:00:00,Bílý jogurt 400g,Danone,2,35.81,71.62
100037,2025-08-27 18:00:00,Mrkev,Rohlik Farma,1,27.53,27.53
100037,2025-08-27 18:00:00,Ořechy mix 200g,Rohlik Farma,2,101.52,203.05
100037,2025-08-27 18:00:00,Croissant,Rohlik Bakery,1,31.57,31.57
100037,2025-08-27 18:00:00,Čokoláda,Milka,1,43.49,43.49
100037,2025-08-27 18:00:00,Avokádo,Rohlik Farma,3,37.4,112.2
100037,2025-08-27 18:00:00,Mycí prostředek na nádobí,Jar,2,62.8,125.6
100038,2025-08-29 20:00:00,Mrkev,Rohlik Farma,1,26.71,26.71
100038,2025-08-29 20:00:00,Minerální voda 1.5l,Mattoni,3,18.35,55.04
100038,2025-08-29 20:00:00,Eidam 30% plátky,Madeta,2,49.75,99.5
100038,2025-08-29 20:00:00,Chléb konzumní,Penam,1,38.94,38.94
100039,2025-08-30 08:00:00,Mražená zelenina mix,Bonduelle,1,55.69,55.69
100039,2025-08-30 08:00:00,Minerální voda 1.5l,Mattoni,1,21.83,21.83
100039,2025-08-30 08:00:00,Kuřecí prsa,Vodňanské kuře,1,146.96,146.96
100039,2025-08-30 08:00:00,Káva zrnková 250g,Illy,2,185.85,371.7
100039,2025-08-30 08:00:00,Brambory 2kg,Rohlik Farma,2,48.64,97.29
100039,2025-08-30 08:00:00,Víno červené,Bohemia Sekt,3,192.27,576.8
100039,2025-08-30 08:00:00,Vejce M 10ks,Rohlik Farma,2,79.38,158.76
100039,2025-08-30 08:00:00,Chipsy,Lay's,3,48.67,146.02
100039,2025-08-30 08:00:00,Chléb konzumní,Penam,2,44.68,89.35
100039,2025-08-30 08:00:00,Avokádo,Rohlik Farma,2,36.89,73.77
100039,2025-08-30 08:00:00,Šunka,Kostelecké uzeniny,1,80.83,80.83
100039,2025-08-30 08:00:00,Eidam 30% plátky,Madeta,1,42.94,42.94
100039,2025-08-30 08:00:00,Bílý jogurt 400g,Danone,2,36.4,72.81
100040,2025-09-01 18:00:00,Mražená zelenina mix,Bonduelle,1,53.74,53.74
100040,2025-09-01 18:00:00,Víno červené,Bohemia Sekt,1,205.35,205.35
100040,2025-09-01 18:00:00,Mleté hovězí maso,Steak House,2,179.8,359.59
100040,2025-09-01 18:00:00,Máslo 250g,Prezident,2,61.87,123.73
100040,2025-09-01 18:00:00,Losos filet,Norway Seafoods,1,274.71,274.71
100040,2025-09-01 18:00:00,Mrkev,Rohlik Farma,1,24.55,24.55
100040,2025-09-01 18:00:00,Rajčata,Rohlik Farma,1,60.34,60.34
100040,2025-09-01 18:00:00,Eidam 30% plátky,Madeta,2,40.53,81.06
100040,2025-09-01 18:00:00,Chléb konzumní,Penam,1,48.17,48.17
100040,2025-09-01 18:00:00,Vejce M 10ks,Rohlik Farma,2,76.05,152.1
100040,2025-09-01 18:00:00,Mycí prostředek na nádobí,Jar,1,51.01,51.01
100040,2025-09-01 18:00:00,Čerstvé mléko 1l,Rohlik Farma,1,26.12,26.12
100041,2025-09-02 12:00:00,Kuřecí prsa,Vodňanské kuře,1,163.5,163.5
100041,2025-09-02 12:00:00,Čerstvé mléko 1l,Rohlik Farma,1,28.36,28.36
100041,2025-09-02 12:00:00,Banány,Rohlik Farma,1,44.32,44.32
100041,2025-09-02 12:00:00,Mrkev,Rohlik Farma,1,27.05,27.05
100041,2025-09-02 12:00:00,Máslo 250g,Prezident,3,66.97,200.92
100041,2025-09-02 12:00:00,Bílý jogurt 400g,Danone,2,33.95,67.89
100041,2025-09-02 12:00:00,Mycí prostředek na nádobí,Jar,1,50.34,50.34
100041,2025-09-02 12:00:00,Šunka,Kostelecké uzeniny,2,98.95,197.9
100041,2025-09-02 12:00:00,Rohlíky 6ks,Rohlik Bakery,2,23.57,47.15
100041,2025-09-02 12:00:00,Eidam 30% plátky,Madeta,2,48.51,97.03
100041,2025-09-02 12:00:00,Vejce M 10ks,Rohlik Farma,2,72.55,145.1
100041,2025-09-02 12:00:00,Croissant,Rohlik Bakery,1,28.44,28.44
100041,2025-09-02 12:00:00,Chléb konzumní,Penam,1,38.49,38.49
100042,2025-09-03 18:00:00,Káva zrnková 250g,Illy,3,222.77,668.3
100042,2025-09-03 18:00:00,Rohlíky 6ks,Rohlik Bakery,2,23.76,47.53
100042,2025-09-03 18:00:00,Avokádo,Rohlik Farma,1,35.26,35.26
100042,2025-09-03 18:00:00,Chléb konzumní,Penam,1,42.15,42.15
100042,2025-09-03 18:00:00,Mražená zelenina mix,Bonduelle,2,48.98,97.97
100042,2025-09-03 18:00:00,Mražená pizza,Dr. Oetker,3,91.45,274.36
100042,2025-09-03 18:00:00,Šunka,Kostelecké uzeniny,2,87.05,174.11
100042,2025-09-03 18:00:00,Eidam 30% plátky,Madeta,1,44.71,44.71
100042,2025-09-03 18:00:00,Prací gel 1.5l,Persil,1,202.55,202.55
100042,2025-09-03 18:00:00,Víno červené,Bohemia Sekt,2,164.1,328.21
100043,2025-09-05 08:00:00,Mycí prostředek na nádobí,Jar,1,57.76,57.76
100043,2025-09-05 08:00:00,Mleté hovězí maso,Steak House,1,175.0,175.0
100043,2025-09-05 08:00:00,Čokoláda,Milka,2,37.17,74.35
100043,2025-09-05 08:00:00,Bílý jogurt 400g,Danone,3,32.66,97.97
100043,2025-09-05 08:00:00,Minerální voda 1.5l,Mattoni,1,18.76,18.76
100043,2025-09-05 08:00:00,Máslo 250g,Prezident,2,64.47,128.95
100043,2025-09-05 08:00:00,Pomerančový džus,Rauch,1,61.57,61.57
100043,2025-09-05 08:00:00,Zmrzlina vanilková,Ben & Jerry's,2,143.36,286.71
100043,2025-09-05 08:00:00,Prací gel 1.5l,Persil,2,199.09,398.18
100043,2025-09-05 08:00:00,Kuřecí prsa,Vodňanské kuře,3,165.23,495.69
100043,2025-09-05 08:00:00,Eidam 30% plátky,Madeta,2,50.95,101.9
100043,2025-09-05 08:00:00,Šunka,Kostelecké uzeniny,3,86.05,258.15
100043,2025-09-05 08:00:00,Mražená zelenina mix,Bonduelle,1,47.45,47.45
100043,2025-09-05 08:00:00,Mražená pizza,Dr. Oetker,1,111.91,111.91
100043,2025-09-05 08:00:00,Chipsy,Lay's,1,40.57,40.57
100044,2025-09-08 12:00:00,Víno červené,Bohemia Sekt,1,168.06,168.06
100044,2025-09-08 12:00:00,Čerstvé mléko 1l,Rohlik Farma,2,25.55,51.1
100044,2025-09-08 12:00:00,Vejce M 10ks,Rohlik Farma,1,76.47,76.47
100044,2025-09-08 12:00:00,Mycí prostředek na nádobí,Jar,3,55.33,165.99
100044,2025-09-08 12:00:00,Rohlíky 6ks,Rohlik Bakery,2,22.23,44.46
100044,2025-09-08 12:00:00,Rajčata,Rohlik Farma,1,52.46,52.46
100044,2025-09-08 12:00:00,Losos filet,Norway Seafoods,2,231.19,462.37
100044,2025-09-08 12:00:00,Šunka,Kostelecké uzeniny,2,82.57,165.13
100044,2025-09-08 12:00:00,Chléb konzumní,Penam,3,44.92,134.77
100044,2025-09-08 12:00:00,Kuřecí prsa,Vodňanské kuře,2,164.05,328.09
100044,2025-09-08 12:00:00,Banány,Rohlik Farma,1,35.54,35.54
100044,2025-09-08 12:00:00,Mleté hovězí maso,Steak House,2,216.62,433.23
100044,2025-09-08 12:00:00,Avokádo,Rohlik Farma,1,31.57,31.57
100044,2025-09-08 12:00:00,Mražená pizza,Dr. Oetker,1,112.5,112.5
100044,2025-09-08 12:00:00,Zmrzlina vanilková,Ben & Jerry's,1,140.74,140.74
100045,2025-09-09 08:00:00,Croissant,Rohlik Bakery,1,28.86,28.86
100045,2025-09-09 08:00:00,Mycí prostředek na nádobí,Jar,3,52.66,157.99
100045,2025-09-09 08:00:00,Šunka,Kostelecké uzeniny,2,98.64,197.28
100045,2025-09-09 08:00:00,Banány,Rohlik Farma,1,35.8,35.8
100046,2025-09-11 08:00:00,Mražená pizza,Dr. Oetker,1,99.12,99.12
100046,2025-09-11 08:00:00,Vejce M 10ks,Rohlik Farma,1,74.49,74.49
100046,2025-09-11 08:00:00,Zmrzlina vanilková,Ben & Jerry's,2,130.94,261.88
100046,2025-09-11 08:00:00,Kuřecí prsa,Vodňanské kuře,3,179.66,538.98
100046,2025-09-11 08:00:00,Pomerančový džus,Rauch,1,59.54,59.54
100046,2025-09-11 08:00:00,Šunka,Kostelecké uzeniny,1,85.51,85.51
100046,2025-09-11 08:00:00,Čokoláda,Milka,2,39.0,78.01
100046,2025-09-11 08:00:00,Losos filet,Norway Seafoods,1,248.74,248.74
100046,2025-09-11 08:00:00,Víno červené,Bohemia Sekt,1,194.47,194.47
100046,2025-09-11 08:00:00,Chipsy,Lay's,1,44.25,44.25
100046,2025-09-11 08:00:00,Avokádo,Rohlik Farma,1,32.17,32.17
100047,2025-09-14 18:00:00,Mycí prostředek na nádobí,Jar,1,51.89,51.89
100047,2025-09-14 18:00:00,Ořechy mix 200g,Rohlik Farma,1,97.01,97.01
100047,2025-09-14 18:00:00,Víno červené,Bohemia Sekt,3,164.47,493.42
100047,2025-09-14 18:00:00,Mražená zelenina mix,Bonduelle,3,50.15,150.46
100047,2025-09-14 18:00:00,Bílý jogurt 400g,Danone,2,34.88,69.76
100047,2025-09-14 18:00:00,Brambory 2kg,Rohlik Farma,2,52.44,104.89
100047,2025-09-14 18:00:00,Eidam 30% plátky,Madeta,2,47.73,95.47
100047,2025-09-14 18:00:00,Čokoláda,Milka,2,38.25,76.5
100047,2025-09-14 18:00:00,Mrkev,Rohlik Farma,3,24.48,73.43
100048,2025-09-20 08:00:00,Chléb konzumní,Penam,1,44.26,44.26
100048,2025-09-20 08:00:00,Mražená pizza,Dr. Oetker,2,98.62,197.23
100048,2025-09-20 08:00:00,Máslo 250g,Prezident,2,67.51,135.02
100048,2025-09-20 08:00:00,Zmrzlina vanilková,Ben & Jerry's,3,144.99,434.98
100048,2025-09-20 08:00:00,Mleté hovězí maso,Steak House,2,213.05,426.11
100048,2025-09-20 08:00:00,Avokádo,Rohlik Farma,2,37.2,74.41
100048,2025-09-20 08:00:00,Vejce M 10ks,Rohlik Farma,1,83.05,83.05
100048,2025-09-20 08:00:00,Víno červené,Bohemia Sekt,2,167.85,335.7
100049,2025-09-21 08:00:00,Mražená zelenina mix,Bonduelle,1,55.34,55.34
100049,2025-09-21 08:00:00,Ořechy mix 200g,Rohlik Farma,2,89.2,178.39
100049,2025-09-21 08:00:00,Kuřecí prsa,Vodňanské kuře,1,170.09,170.09
100049,2025-09-21 08:00:00,Prací gel 1.5l,Persil,1,207.39,207.39
100049,2025-09-21 08:00:00,Vejce M 10ks,Rohlik Farma,3,77.71,233.13
100049,2025-09-21 08:00:00,Rohlíky 6ks,Rohlik Bakery,1,20.32,20.32
100049,2025-09-21 08:00:00,Víno červené,Bohemia Sekt,3,178.4,535.2
100049,2025-09-21 08:00:00,Banány,Rohlik Farma,1,42.16,42.16
100049,2025-09-21 08:00:00,Máslo 250g,Prezident,3,74.17,222.51
100049,2025-09-21 08:00:00,Brambory 2kg,Rohlik Farma,2,54.8,109.6
100049,2025-09-21 08:00:00,Chléb konzumní,Penam,1,38.66,38.66
100049,2025-09-21 08:00:00,Káva zrnková 250g,Illy,3,186.14,558.41
100049,2025-09-21 08:00:00,Chipsy,Lay's,1,43.99,43.99
100049,2025-09-21 08:00:00,Minerální voda 1.5l,Mattoni,3,20.42,61.25
100049,2025-09-21 08:00:00,Mražená pizza,Dr. Oetker,2,92.29,184.58
100049,2025-09-21 08:00:00,Croissant,Rohlik Bakery,3,32.9,98.7
100050,2025-09-22 20:00:00,Čokoláda,Milka,1,38.11,38.11
100050,2025-09-22 20:00:00,Kuřecí prsa,Vodňanské kuře,1,156.68,156.68
100050,2025-09-22 20:00:00,Ořechy mix 200g,Rohlik Farma,2,84.37,168.74
100050,2025-09-22 20:00:00,Bílý jogurt 400g,Danone,1,30.04,30.04
100050,2025-09-22 20:00:00,Toaletní papír 8ks,Papírny,1,110.0,110.0
100050,2025-09-22 20:00:00,Prací gel 1.5l,Persil,1,194.09,194.09
100050,2025-09-22 20:00:00,Mycí prostředek na nádobí,Jar,2,60.98,121.97
100050,2025-09-22 20:00:00,Mražená pizza,Dr. Oetker,2,90.03,180.07
100050,2025-09-22 20:00:00,Rohlíky 6ks,Rohlik Bakery,1,24.62,24.62
100050,2025-09-22 20:00:00,Vejce M 10ks,Rohlik Farma,2,73.69,147.38
100050,2025-09-22 20:00:00,Šunka,Kostelecké uzeniny,2,83.53,167.06
100050,2025-09-22 20:00:00,Chipsy,Lay's,1,49.85,49.85
100050,2025-09-22 20:00:00,Mleté hovězí maso,Steak House,2,208.33,416.65
100050,2025-09-22 20:00:00,Čerstvé mléko 1l,Rohlik Farma,1,30.25,30.25
100051,2025-09-23 18:00:00,Mycí prostředek na nádobí,Jar,1,58.83,58.83
100051,2025-09-23 18:00:00,Brambory 2kg,Rohlik Farma,2,56.16,112.32
100051,2025-09-23 18:00:00,Chléb konzumní,Penam,2,45.88,91.76
100051,2025-09-23 18:00:00,Káva zrnková 250g,Illy,2,204.12,408.24
100051,2025-09-23 18:00:00,Avokádo,Rohlik Farma,2,39.95,79.91
100051,2025-09-23 18:00:00,Chipsy,Lay's,1,49.51,49.51
100051,2025-09-23 18:00:00,Mražená pizza,Dr. Oetker,1,110.71,110.71
100051,2025-09-23 18:00:00,Zmrzlina vanilková,Ben & Jerry's,1,136.78,136.78
100051,2025-09-23 18:00:00,Mražená zelenina mix,Bonduelle,1,50.89,50.89
100051,2025-09-23 18:00:00,Minerální voda 1.5l,Mattoni,1,20.48,20.48
100051,2025-09-23 18:00:00,Toaletní papír 8ks,Papírny,2,110.17,220.33
100051,2025-09-23 18:00:00,Čokoláda,Milka,1,35.92,35.92
100051,2025-09-23 18:00:00,Croissant,Rohlik Bakery,1,28.08,28.08
100051,2025-09-23 18:00:00,Rajčata,Rohlik Farma,2,51.53,103.05
100052,2025-09-26 20:00:00,Mražená pizza,Dr. Oetker,1,98.38,98.38
100052,2025-09-26 20:00:00,Čerstvé mléko 1l,Rohlik Farma,1,27.43,27.43
100052,2025-09-26 20:00:00,Šunka,Kostelecké uzeniny,1,98.77,98.77
100052,2025-09-26 20:00:00,Máslo 250g,Prezident,3,63.95,191.85
100052,2025-09-26 20:00:00,Losos filet,Norway Seafoods,1,232.67,232.67
100052,2025-09-26 20:00:00,Rohlíky 6ks,Rohlik Bakery,1,24.85,24.85
100052,2025-09-26 20:00:00,Mleté hovězí maso,Steak House,2,202.99,405.98
100052,2025-09-26 20:00:00,Brambory 2kg,Rohlik Farma,1,53.4,53.4
100052,2025-09-26 20:00:00,Čokoláda,Milka,2,39.47,78.95
100053,2025-09-27 08:00:00,Mrkev,Rohlik Farma,2,28.38,56.75
100053,2025-09-27 08:00:00,Rajčata,Rohlik Farma,2,56.76,113.51
100053,2025-09-27 08:00:00,Ořechy mix 200g,Rohlik Farma,1,97.37,97.37
100053,2025-09-27 08:00:00,Bílý jogurt 400g,Danone,1,31.21,31.21
100054,2025-09-28 20:00:00,Čokoláda,Milka,1,39.29,39.29
100054,2025-09-28 20:00:00,Káva zrnková 250g,Illy,2,196.65,393.31
100054,2025-09-28 20:00:00,Chléb konzumní,Penam,2,42.17,84.35
100054,2025-09-28 20:00:00,Vejce M 10ks,Rohlik Farma,3,84.3,252.89
100054,2025-09-28 20:00:00,Eidam 30% plátky,Madeta,2,51.46,102.93
100054,2025-09-28 20:00:00,Croissant,Rohlik Bakery,1,33.01,33.01
100054,2025-09-28 20:00:00,Mražená zelenina mix,Bonduelle,2,50.31,100.63
100054,2025-09-28 20:00:00,Minerální voda 1.5l,Mattoni,2,19.73,39.46
100054,2025-09-28 20:00:00,Čerstvé mléko 1l,Rohlik Farma,2,31.31,62.63
100054,2025-09-28 20:00:00,Víno červené,Bohemia Sekt,1,189.55,189.55
100054,2025-09-28 20:00:00,Rohlíky 6ks,Rohlik Bakery,1,21.2,21.2
100054,2025-09-28 20:00:00,Pomerančový džus,Rauch,1,58.37,58.37
100054,2025-09-28 20:00:00,Brambory 2kg,Rohlik Farma,1,48.32,48.32
100054,2025-09-28 20:00:00,Bílý jogurt 400g,Danone,3,34.06,102.17
100055,2025-09-29 18:00:00,Máslo 250g,Prezident,3,66.05,198.15
100055,2025-09-29 18:00:00,Mleté hovězí maso,Steak House,3,192.71,578.13
100055,2025-09-29 18:00:00,Minerální voda 1.5l,Mattoni,1,20.95,20.95
100055,2025-09-29 18:00:00,Kuřecí prsa,Vodňanské kuře,1,171.56,171.56
100055,2025-09-29 18:00:00,Víno červené,Bohemia Sekt,2,162.76,325.51
100055,2025-09-29 18:00:00,Banány,Rohlik Farma,1,35.53,35.53
100056,2025-09-30 08:00:00,Mražená pizza,Dr. Oetker,1,96.18,96.18
100056,2025-09-30 08:00:00,Avokádo,Rohlik Farma,1,39.08,39.08
100056,2025-09-30 08:00:00,Rohlíky 6ks,Rohlik Bakery,1,21.3,21.3
100056,2025-09-30 08:00:00,Losos filet,Norway Seafoods,1,251.3,251.3
100056,2025-09-30 08:00:00,Minerální voda 1.5l,Mattoni,2,20.63,41.26
100056,2025-09-30 08:00:00,Croissant,Rohlik Bakery,2,28.56,57.12
100056,2025-09-30 08:00:00,Mrkev,Rohlik Farma,1,25.6,25.6
100056,2025-09-30 08:00:00,Máslo 250g,Prezident,2,64.47,128.94
100056,2025-09-30 08:00:00,Víno červené,Bohemia Sekt,2,173.04,346.07
100057,2025-10-01 20:00:00,Šunka,Kostelecké uzeniny,1,87.25,87.25
100057,2025-10-01 20:00:00,Káva zrnková 250g,Illy,1,195.41,195.41
100057,2025-10-01 20:00:00,Ořechy mix 200g,Rohlik Farma,1,86.92,86.92
100057,2025-10-01 20:00:00,Banány,Rohlik Farma,2,42.1,84.19
100057,2025-10-01 20:00:00,Minerální voda 1.5l,Mattoni,1,20.38,20.38
100058,2025-10-02 08:00:00,Zmrzlina vanilková,Ben & Jerry's,1,143.47,143.47
100058,2025-10-02 08:00:00,Mleté hovězí maso,Steak House,3,207.02,621.05
100058,2025-10-02 08:00:00,Káva zrnková 250g,Illy,1,185.38,185.38
100058,2025-10-02 08:00:00,Šunka,Kostelecké uzeniny,1,97.42,97.42
100058,2025-10-02 08:00:00,Mrkev,Rohlik Farma,1,24.76,24.76
100058,2025-10-02 08:00:00,Víno červené,Bohemia Sekt,2,162.55,325.1
100058,2025-10-02 08:00:00,Máslo 250g,Prezident,1,69.53,69.53
100058,2025-10-02 08:00:00,Vejce M 10ks,Rohlik Farma,1,78.45,78.45
100058,2025-10-02 08:00:00,Toaletní papír 8ks,Papírny,1,103.3,103.3
100058,2025-10-02 08:00:00,Chipsy,Lay's,2,44.63,89.26
100058,2025-10-02 08:00:00,Losos filet,Norway Seafoods,1,264.54,264.54
100058,2025-10-02 08:00:00,Mražená zelenina mix,Bonduelle,1,55.87,55.87
100058,2025-10-02 08:00:00,Rohlíky 6ks,Rohlik Bakery,1,23.85,23.85
100058,2025-10-02 08:00:00,Banány,Rohlik Farma,2,40.15,80.3
100058,2025-10-02 08:00:00,Čerstvé mléko 1l,Rohlik Farma,2,26.02,52.05
100059,2025-10-05 18:00:00,Mražená pizza,Dr. Oetker,1,106.72,106.72
100059,2025-10-05 18:00:00,Croissant,Rohlik Bakery,3,30.72,92.17
100059,2025-10-05 18:00:00,Rajčata,Rohlik Farma,1,56.5,56.5
100059,2025-10-05 18:00:00,Eidam 30% plátky,Madeta,1,51.58,51.58
100059,2025-10-05 18:00:00,Bílý jogurt 400g,Danone,1,30.69,30.69
100059,2025-10-05 18:00:00,Vejce M 10ks,Rohlik Farma,2,71.62,143.24
100059,2025-10-05 18:00:00,Chléb konzumní,Penam,2,43.81,87.62
100059,2025-10-05 18:00:00,Banány,Rohlik Farma,2,42.94,85.87
100059,2025-10-05 18:00:00,Mycí prostředek na nádobí,Jar,2,51.28,102.57
100059,2025-10-05 18:00:00,Chipsy,Lay's,1,41.24,41.24
100059,2025-10-05 18:00:00,Kuřecí prsa,Vodňanské kuře,2,182.83,365.67
100059,2025-10-05 18:00:00,Mleté hovězí maso,Steak House,3,192.72,578.15
100059,2025-10-05 18:00:00,Víno červené,Bohemia Sekt,2,195.52,391.04
100059,2025-10-05 18:00:00,Avokádo,Rohlik Farma,2,32.15,64.29
100059,2025-10-05 18:00:00,Rohlíky 6ks,Rohlik Bakery,1,23.33,23.33
100060,2025-10-08 12:00:00,Bílý jogurt 400g,Danone,1,30.8,30.8
100060,2025-10-08 12:00:00,Šunka,Kostelecké uzeniny,3,101.38,304.14
100060,2025-10-08 12:00:00,Rohlíky 6ks,Rohlik Bakery,1,20.49,20.49
100060,2025-10-08 12:00:00,Máslo 250g,Prezident,1,68.48,68.48
100060,2025-10-08 12:00:00,Eidam 30% plátky,Madeta,1,46.15,46.15
100060,2025-10-08 12:00:00,Zmrzlina vanilková,Ben & Jerry's,1,135.19,135.19
100060,2025-10-08 12:00:00,Mražená pizza,Dr. Oetker,2,92.92,185.83
100060,2025-10-08 12:00:00,Avokádo,Rohlik Farma,3,36.96,110.89
100060,2025-10-08 12:00:00,Banány,Rohlik Farma,2,38.39,76.78
100060,2025-10-08 12:00:00,Toaletní papír 8ks,Papírny,2,90.12,180.24
100060,2025-10-08 12:00:00,Kuřecí prsa,Vodňanské kuře,1,146.33,146.33
100060,2025-10-08 12:00:00,Brambory 2kg,Rohlik Farma,3,53.55,160.64
100060,2025-10-08 12:00:00,Mleté hovězí maso,Steak House,1,200.87,200.87
100060,2025-10-08 12:00:00,Chipsy,Lay's,2,45.19,90.37
100060,2025-10-08 12:00:00,Prací gel 1.5l,Persil,3,171.53,514.59
100060,2025-10-08 12:00:00,Mražená zelenina mix,Bonduelle,3,50.78,152.35
100061,2025-10-10 12:00:00,Čokoláda,Milka,1,38.15,38.15
100061,2025-10-10 12:00:00,Toaletní papír 8ks,Papírny,3,97.0,291.01
100061,2025-10-10 12:00:00,Losos filet,Norway Seafoods,1,284.82,284.82
100061,2025-10-10 12:00:00,Avokádo,Rohlik Farma,1,38.16,38.16
100061,2025-10-10 12:00:00,Chléb konzumní,Penam,2,43.7,87.39
100061,2025-10-10 12:00:00,Vejce M 10ks,Rohlik Farma,1,75.87,75.87
100061,2025-10-10 12:00:00,Prací gel 1.5l,Persil,1,182.74,182.74
100061,2025-10-10 12:00:00,Máslo 250g,Prezident,1,60.79,60.79
100061,2025-10-10 12:00:00,Banány,Rohlik Farma,1,37.93,37.93
100061,2025-10-10 12:00:00,Mražená pizza,Dr. Oetker,2,110.49,220.98
100061,2025-10-10 12:00:00,Šunka,Kostelecké uzeniny,2,85.62,171.25
100061,2025-10-10 12:00:00,Croissant,Rohlik Bakery,1,32.0,32.0
100061,2025-10-10 12:00:00,Víno červené,Bohemia Sekt,2,193.37,386.74
100061,2025-10-10 12:00:00,Rajčata,Rohlik Farma,1,59.99,59.99
100061,2025-10-10 12:00:00,Kuřecí prsa,Vodňanské kuře,2,182.69,365.38
100061,2025-10-10 12:00:00,Ořechy mix 200g,Rohlik Farma,2,91.2,182.39
100062,2025-10-11 08:00:00,Losos filet,Norway Seafoods,2,246.07,492.14
100062,2025-10-11 08:00:00,Rohlíky 6ks,Rohlik Bakery,1,21.35,21.35
100062,2025-10-11 08:00:00,Chléb konzumní,Penam,2,47.06,94.13
100062,2025-10-11 08:00:00,Brambory 2kg,Rohlik Farma,3,52.34,157.02
100062,2025-10-11 08:00:00,Rajčata,Rohlik Farma,1,56.88,56.88
100063,2025-10-17 20:00:00,Pomerančový džus,Rauch,2,57.36,114.71
100063,2025-10-17 20:00:00,Minerální voda 1.5l,Mattoni,2,19.5,38.99
100063,2025-10-17 20:00:00,Rajčata,Rohlik Farma,2,53.35,106.69
100063,2025-10-17 20:00:00,Mleté hovězí maso,Steak House,2,202.25,404.5
100064,2025-10-18 08:00:00,Mleté hovězí maso,Steak House,2,193.73,387.46
100064,2025-10-18 08:00:00,Čokoláda,Milka,1,35.48,35.48
100064,2025-10-18 08:00:00,Kuřecí prsa,Vodňanské kuře,3,156.34,469.02
100064,2025-10-18 08:00:00,Minerální voda 1.5l,Mattoni,2,19.57,39.13
100064,2025-10-18 08:00:00,Mražená pizza,Dr. Oetker,1,104.1,104.1
100064,2025-10-18 08:00:00,Chipsy,Lay's,2,42.07,84.15
100064,2025-10-18 08:00:00,Bílý jogurt 400g,Danone,2,31.35,62.7
100064,2025-10-18 08:00:00,Rajčata,Rohlik Farma,2,63.12,126.24
100064,2025-10-18 08:00:00,Káva zrnková 250g,Illy,3,221.02,663.06
100064,2025-10-18 08:00:00,Rohlíky 6ks,Rohlik Bakery,2,21.65,43.3
100065,2025-10-22 08:00:00,Kuřecí prsa,Vodňanské kuře,1,166.83,166.83
100065,2025-10-22 08:00:00,Toaletní papír 8ks,Papírny,1,113.03,113.03
100065,2025-10-22 08:00:00,Eidam 30% plátky,Madeta,2,47.0,94.0
100065,2025-10-22 08:00:00,Šunka,Kostelecké uzeniny,3,81.24,243.73
100065,2025-10-22 08:00:00,Pomerančový džus,Rauch,2,55.62,111.23
100065,2025-10-22 08:00:00,Avokádo,Rohlik Farma,3,37.81,113.43
100065,2025-10-22 08:00:00,Mycí prostředek na nádobí,Jar,2,51.53,103.06
100065,2025-10-22 08:00:00,Prací gel 1.5l,Persil,3,181.54,544.63
100065,2025-10-22 08:00:00,Víno červené,Bohemia Sekt,2,203.53,407.06
100066,2025-10-23 08:00:00,Kuřecí prsa,Vodňanské kuře,3,148.59,445.77
100066,2025-10-23 08:00:00,Šunka,Kostelecké uzeniny,1,92.58,92.58
100066,2025-10-23 08:00:00,Bílý jogurt 400g,Danone,3,32.63,97.88
100066,2025-10-23 08:00:00,Mražená zelenina mix,Bonduelle,2,47.94,95.89
100066,2025-10-23 08:00:00,Prací gel 1.5l,Persil,1,191.82,191.82
100066,2025-10-23 08:00:00,Rajčata,Rohlik Farma,2,54.21,108.41
100066,2025-10-23 08:00:00,Ořechy mix 200g,Rohlik Farma,1,95.14,95.14
100066,2025-10-23 08:00:00,Rohlíky 6ks,Rohlik Bakery,3,23.54,70.63
100066,2025-10-23 08:00:00,Káva zrnková 250g,Illy,3,192.25,576.76
100066,2025-10-23 08:00:00,Croissant,Rohlik Bakery,2,27.49,54.99
100066,2025-10-23 08:00:00,Máslo 250g,Prezident,1,63.03,63.03
100067,2025-10-24 18:00:00,Avokádo,Rohlik Farma,1,39.85,39.85
100067,2025-10-24 18:00:00,Prací gel 1.5l,Persil,1,183.82,183.82
100067,2025-10-24 18:00:00,Rajčata,Rohlik Farma,1,62.64,62.64
100067,2025-10-24 18:00:00,Mražená zelenina mix,Bonduelle,1,48.34,48.34
100067,2025-10-24 18:00:00,Ořechy mix 200g,Rohlik Farma,2,94.7,189.39
100067,2025-10-24 18:00:00,Croissant,Rohlik Bakery,3,29.57,88.72
100067,2025-10-24 18:00:00,Kuřecí prsa,Vodňanské kuře,1,176.01,176.01
100067,2025-10-24 18:00:00,Chipsy,Lay's,1,51.0,51.0
100067,2025-10-24 18:00:00,Mleté hovězí maso,Steak House,3,182.93,548.8
100067,2025-10-24 18:00:00,Minerální voda 1.5l,Mattoni,1,20.02,20.02
100067,2025-10-24 18:00:00,Mrkev,Rohlik Farma,2,24.0,47.99
100067,2025-10-24 18:00:00,Mražená pizza,Dr. Oetker,1,105.68,105.68
100067,2025-10-24 18:00:00,Eidam 30% plátky,Madeta,2,43.04,86.08
100067,2025-10-24 18:00:00,Losos filet,Norway Seafoods,1,227.37,227.37
100067,2025-10-24 18:00:00,Rohlíky 6ks,Rohlik Bakery,2,21.62,43.23
100067,2025-10-24 18:00:00,Šunka,Kostelecké uzeniny,2,82.34,164.67
100068,2025-10-26 12:00:00,Víno červené,Bohemia Sekt,1,201.73,201.73
100068,2025-10-26 12:00:00,Mražená zelenina mix,Bonduelle,1,52.09,52.09
100068,2025-10-26 12:00:00,Croissant,Rohlik Bakery,1,29.98,29.98
100068,2025-10-26 12:00:00,Zmrzlina vanilková,Ben & Jerry's,3,143.52,430.57
100068,2025-10-26 12:00:00,Mražená pizza,Dr. Oetker,1,111.7,111.7
100068,2025-10-26 12:00:00,Rajčata,Rohlik Farma,1,55.25,55.25
100068,2025-10-26 12:00:00,Avokádo,Rohlik Farma,1,39.67,39.67
100068,2025-10-26 12:00:00,Kuřecí prsa,Vodňanské kuře,1,182.74,182.74
100068,2025-10-26 12:00:00,Mycí prostředek na nádobí,Jar,2,60.33,120.67
100068,2025-10-26 12:00:00,Čokoláda,Milka,1,44.23,44.23
100069,2025-10-30 08:00:00,Avokádo,Rohlik Farma,1,33.19,33.19
100069,2025-10-30 08:00:00,Chléb konzumní,Penam,1,41.27,41.27
100069,2025-10-30 08:00:00,Víno červené,Bohemia Sekt,3,181.64,544.91
100069,2025-10-30 08:00:00,Minerální voda 1.5l,Mattoni,1,20.51,20.51
100069,2025-10-30 08:00:00,Rohlíky 6ks,Rohlik Bakery,1,23.85,23.85
100069,2025-10-30 08:00:00,Croissant,Rohlik Bakery,1,30.22,30.22
100069,2025-10-30 08:00:00,Bílý jogurt 400g,Danone,1,30.2,30.2
100069,2025-10-30 08:00:00,Čokoláda,Milka,3,43.85,131.54
100069,2025-10-30 08:00:00,Mražená zelenina mix,Bonduelle,2,50.41,100.82
100070,2025-10-31 08:00:00,Bílý jogurt 400g,Danone,2,30.68,61.37
100070,2025-10-31 08:00:00,Croissant,Rohlik Bakery,1,33.02,33.02
100070,2025-10-31 08:00:00,Kuřecí prsa,Vodňanské kuře,1,166.25,166.25
100070,2025-10-31 08:00:00,Brambory 2kg,Rohlik Farma,2,44.24,88.48
100070,2025-10-31 08:00:00,Čerstvé mléko 1l,Rohlik Farma,3,27.72,83.15
100070,2025-10-31 08:00:00,Mrkev,Rohlik Farma,1,22.89,22.89
100071,2025-11-01 18:00:00,Losos filet,Norway Seafoods,3,231.41,694.23
100071,2025-11-01 18:00:00,Toaletní papír 8ks,Papírny,1,98.2,98.2
100071,2025-11-01 18:00:00,Rohlíky 6ks,Rohlik Bakery,1,21.01,21.01
100071,2025-11-01 18:00:00,Prací gel 1.5l,Persil,1,192.69,192.69
100071,2025-11-01 18:00:00,Chipsy,Lay's,2,48.91,97.82
100071,2025-11-01 18:00:00,Avokádo,Rohlik Farma,2,34.77,69.54
100072,2025-11-13 08:00:00,Ořechy mix 200g,Rohlik Farma,1,92.84,92.84
100072,2025-11-13 08:00:00,Minerální voda 1.5l,Mattoni,1,17.88,17.88
100072,2025-11-13 08:00:00,Mražená zelenina mix,Bonduelle,2,49.51,99.03
100072,2025-11-13 08:00:00,Rohlíky 6ks,Rohlik Bakery,3,20.93,62.79
100073,2025-11-15 20:00:00,Máslo 250g,Prezident,1,67.9,67.9
100073,2025-11-15 20:00:00,Chléb konzumní,Penam,1,42.25,42.25
100073,2025-11-15 20:00:00,Bílý jogurt 400g,Danone,3,29.31,87.93
100073,2025-11-15 20:00:00,Rohlíky 6ks,Rohlik Bakery,1,24.94,24.94
100073,2025-11-15 20:00:00,Šunka,Kostelecké uzeniny,1,102.04,102.04
100073,2025-11-15 20:00:00,Mražená zelenina mix,Bonduelle,2,44.49,88.98
100073,2025-11-15 20:00:00,Pomerančový džus,Rauch,2,55.75,111.51
100073,2025-11-15 20:00:00,Mražená pizza,Dr. Oetker,1,108.05,108.05
100073,2025-11-15 20:00:00,Minerální voda 1.5l,Mattoni,3,20.17,60.5
100073,2025-11-15 20:00:00,Chipsy,Lay's,2,44.71,89.43
100073,2025-11-15 20:00:00,Avokádo,Rohlik Farma,2,35.42,70.85
100073,2025-11-15 20:00:00,Čerstvé mléko 1l,Rohlik Farma,2,27.83,55.66
100073,2025-11-15 20:00:00,Losos filet,Norway Seafoods,3,284.12,852.35
100073,2025-11-15 20:00:00,Mrkev,Rohlik Farma,2,23.33,46.66
100073,2025-11-15 20:00:00,Mycí prostředek na nádobí,Jar,1,51.13,51.13
100073,2025-11-15 20:00:00,Mleté hovězí maso,Steak House,2,188.67,377.34
100074,2025-11-16 12:00:00,Chipsy,Lay's,3,48.59,145.77
100074,2025-11-16 12:00:00,Čerstvé mléko 1l,Rohlik Farma,2,28.92,57.85
100074,2025-11-16 12:00:00,Avokádo,Rohlik Farma,1,33.67,33.67
100074,2025-11-16 12:00:00,Chléb konzumní,Penam,1,39.43,39.43
100075,2025-11-17 08:00:00,Čokoláda,Milka,1,37.45,37.45
100075,2025-11-17 08:00:00,Toaletní papír 8ks,Papírny,1,91.6,91.6
100075,2025-11-17 08:00:00,Šunka,Kostelecké uzeniny,1,90.03,90.03
100075,2025-11-17 08:00:00,Káva zrnková 250g,Illy,3,214.09,642.27
100076,2025-11-18 08:00:00,Chléb konzumní,Penam,1,46.37,46.37
100076,2025-11-18 08:00:00,Brambory 2kg,Rohlik Farma,3,51.16,153.47
100076,2025-11-18 08:00:00,Minerální voda 1.5l,Mattoni,2,19.94,39.88
100076,2025-11-18 08:00:00,Rajčata,Rohlik Farma,3,60.75,182.26
100076,2025-11-18 08:00:00,Chipsy,Lay's,1,43.89,43.89
100076,2025-11-18 08:00:00,Čokoláda,Milka,1,44.71,44.71
100076,2025-11-18 08:00:00,Máslo 250g,Prezident,2,62.09,124.18
100076,2025-11-18 08:00:00,Bílý jogurt 400g,Danone,1,31.0,31.0
100076,2025-11-18 08:00:00,Rohlíky 6ks,Rohlik Bakery,2,25.02,50.03
100076,2025-11-18 08:00:00,Avokádo,Rohlik Farma,3,39.48,118.43
100077,2025-11-26 20:00:00,Bílý jogurt 400g,Danone,3,29.95,89.86
100077,2025-11-26 20:00:00,Avokádo,Rohlik Farma,2,39.5,79.01
100077,2025-11-26 20:00:00,Losos filet,Norway Seafoods,2,249.79,499.58
100077,2025-11-26 20:00:00,Banány,Rohlik Farma,2,40.53,81.07
100077,2025-11-26 20:00:00,Chipsy,Lay's,1,44.87,44.87
100077,2025-11-26 20:00:00,Minerální voda 1.5l,Mattoni,1,18.07,18.07
100077,2025-11-26 20:00:00,Croissant,Rohlik Bakery,3,26.67,80.02
100077,2025-11-26 20:00:00,Brambory 2kg,Rohlik Farma,2,54.48,108.95
100077,2025-11-26 20:00:00,Prací gel 1.5l,Persil,1,195.41,195.41
100077,2025-11-26 20:00:00,Mražená zelenina mix,Bonduelle,1,44.73,44.73
100078,2025-11-27 08:00:00,Rajčata,Rohlik Farma,3,57.18,171.55
100078,2025-11-27 08:00:00,Čokoláda,Milka,2,37.14,74.27
100078,2025-11-27 08:00:00,Chipsy,Lay's,1,43.91,43.91
100078,2025-11-27 08:00:00,Pomerančový džus,Rauch,1,56.22,56.22
100078,2025-11-27 08:00:00,Mycí prostředek na nádobí,Jar,1,62.73,62.73
100079,2025-11-28 20:00:00,Prací gel 1.5l,Persil,1,206.74,206.74
100079,2025-11-28 20:00:00,Káva zrnková 250g,Illy,2,202.3,404.59
100079,2025-11-28 20:00:00,Mražená pizza,Dr. Oetker,3,97.99,293.98
100079,2025-11-28 20:00:00,Rajčata,Rohlik Farma,1,54.45,54.45
100079,2025-11-28 20:00:00,Losos filet,Norway Seafoods,2,253.11,506.22
100079,2025-11-28 20:00:00,Brambory 2kg,Rohlik Farma,3,49.85,149.55
100079,2025-11-28 20:00:00,Minerální voda 1.5l,Mattoni,1,21.44,21.44
100080,2025-11-29 20:00:00,Pomerančový džus,Rauch,1,53.34,53.34
100080,2025-11-29 20:00:00,Zmrzlina vanilková,Ben & Jerry's,2,146.25,292.49
100080,2025-11-29 20:00:00,Brambory 2kg,Rohlik Farma,2,52.92,105.84
100080,2025-11-29 20:00:00,Mycí prostředek na nádobí,Jar,1,51.6,51.6
100081,2025-11-30 20:00:00,Ořechy mix 200g,Rohlik Farma,3,97.79,293.36
100081,2025-11-30 20:00:00,Brambory 2kg,Rohlik Farma,1,45.81,45.81
100081,2025-11-30 20:00:00,Croissant,Rohlik Bakery,2,29.64,59.28
100081,2025-11-30 20:00:00,Minerální voda 1.5l,Mattoni,2,21.8,43.61
100081,2025-11-30 20:00:00,Víno červené,Bohemia Sekt,1,184.55,184.55
100081,2025-11-30 20:00:00,Toaletní papír 8ks,Papírny,1,112.49,112.49
100081,2025-11-30 20:00:00,Kuřecí prsa,Vodňanské kuře,3,145.03,435.09
100081,2025-11-30 20:00:00,Mrkev,Rohlik Farma,1,25.08,25.08
100081,2025-11-30 20:00:00,Zmrzlina vanilková,Ben & Jerry's,3,123.56,370.69
100081,2025-11-30 20:00:00,Čokoláda,Milka,3,36.57,109.72
100081,2025-11-30 20:00:00,Chipsy,Lay's,1,46.19,46.19
100081,2025-11-30 20:00:00,Chléb konzumní,Penam,1,38.43,38.43
100081,2025-11-30 20:00:00,Banány,Rohlik Farma,3,41.6,124.8
100082,2025-12-04 20:00:00,Čerstvé mléko 1l,Rohlik Farma,2,32.04,64.08
100082,2025-12-04 20:00:00,Rohlíky 6ks,Rohlik Bakery,1,22.56,22.56
100082,2025-12-04 20:00:00,Mycí prostředek na nádobí,Jar,3,58.77,176.3
100082,2025-12-04 20:00:00,Mrkev,Rohlik Farma,1,23.17,23.17
100083,2025-12-05 12:00:00,Rajčata,Rohlik Farma,1,54.63,54.63
100083,2025-12-05 12:00:00,Káva zrnková 250g,Illy,2,201.94,403.87
100083,2025-12-05 12:00:00,Rohlíky 6ks,Rohlik Bakery,1,25.25,25.25
100083,2025-12-05 12:00:00,Mrkev,Rohlik Farma,1,24.37,24.37
100083,2025-12-05 12:00:00,Mleté hovězí maso,Steak House,1,200.99,200.99
100083,2025-12-05 12:00:00,Ořechy mix 200g,Rohlik Farma,3,97.0,291.0
100083,2025-12-05 12:00:00,Losos filet,Norway Seafoods,1,249.33,249.33
100084,2025-12-06 20:00:00,Víno červené,Bohemia Sekt,1,183.47,183.47
100084,2025-12-06 20:00:00,Čerstvé mléko 1l,Rohlik Farma,2,29.71,59.43
100084,2025-12-06 20:00:00,Prací gel 1.5l,Persil,1,196.84,196.84
100084,2025-12-06 20:00:00,Banány,Rohlik Farma,1,43.82,43.82
100085,2025-12-08 20:00:00,Máslo 250g,Prezident,1,73.59,73.59
100085,2025-12-08 20:00:00,Vejce M 10ks,Rohlik Farma,1,71.41,71.41
100085,2025-12-08 20:00:00,Toaletní papír 8ks,Papírny,1,103.63,103.63
100085,2025-12-08 20:00:00,Mrkev,Rohlik Farma,3,27.63,82.89
100085,2025-12-08 20:00:00,Minerální voda 1.5l,Mattoni,1,18.52,18.52
100085,2025-12-08 20:00:00,Pomerančový džus,Rauch,2,56.65,113.29
100085,2025-12-08 20:00:00,Zmrzlina vanilková,Ben & Jerry's,2,137.93,275.87
100085,2025-12-08 20:00:00,Mražená pizza,Dr. Oetker,2,97.31,194.62
100086,2025-12-10 08:00:00,Mycí prostředek na nádobí,Jar,1,49.91,49.91
100086,2025-12-10 08:00:00,Mleté hovězí maso,Steak House,1,207.12,207.12
100086,2025-12-10 08:00:00,Máslo 250g,Prezident,2,66.47,132.94
100086,2025-12-10 08:00:00,Eidam 30% plátky,Madeta,1,46.72,46.72
100086,2025-12-10 08:00:00,Šunka,Kostelecké uzeniny,2,89.71,179.42
100086,2025-12-10 08:00:00,Brambory 2kg,Rohlik Farma,3,51.28,153.83
100086,2025-12-10 08:00:00,Vejce M 10ks,Rohlik Farma,2,72.79,145.58
100086,2025-12-10 08:00:00,Kuřecí prsa,Vodňanské kuře,2,154.84,309.68
100086,2025-12-10 08:00:00,Káva zrnková 250g,Illy,1,214.58,214.58
100086,2025-12-10 08:00:00,Toaletní papír 8ks,Papírny,1,95.73,95.73
100086,2025-12-10 08:00:00,Víno červené,Bohemia Sekt,2,192.95,385.9
100086,2025-12-10 08:00:00,Losos filet,Norway Seafoods,3,233.7,701.11
100087,2025-12-11 18:00:00,Vejce M 10ks,Rohlik Farma,1,73.12,73.12
100087,2025-12-11 18:00:00,Čerstvé mléko 1l,Rohlik Farma,1,26.51,26.51
100087,2025-12-11 18:00:00,Avokádo,Rohlik Farma,2,36.37,72.75
100087,2025-12-11 18:00:00,Chléb konzumní,Penam,2,42.08,84.17
100087,2025-12-11 18:00:00,Mleté hovězí maso,Steak House,1,174.33,174.33
100088,2025-12-16 20:00:00,Chipsy,Lay's,1,42.06,42.06
100088,2025-12-16 20:00:00,Vejce M 10ks,Rohlik Farma,1,76.4,76.4
100088,2025-12-16 20:00:00,Mycí prostředek na nádobí,Jar,1,50.37,50.37
100088,2025-12-16 20:00:00,Minerální voda 1.5l,Mattoni,2,18.41,36.82
100088,2025-12-16 20:00:00,Brambory 2kg,Rohlik Farma,1,50.03,50.03
100088,2025-12-16 20:00:00,Pomerančový džus,Rauch,1,58.43,58.43
100088,2025-12-16 20:00:00,Rohlíky 6ks,Rohlik Bakery,1,23.76,23.76
100088,2025-12-16 20:00:00,Banány,Rohlik Farma,2,40.89,81.78
100088,2025-12-16 20:00:00,Toaletní papír 8ks,Papírny,1,100.43,100.43
100088,2025-12-16 20:00:00,Losos filet,Norway Seafoods,1,243.06,243.06
100089,2025-12-18 20:00:00,Zmrzlina vanilková,Ben & Jerry's,1,125.5,125.5
100089,2025-12-18 20:00:00,Kuřecí prsa,Vodňanské kuře,3,168.26,504.77
100089,2025-12-18 20:00:00,Chléb konzumní,Penam,2,46.01,92.02
100089,2025-12-18 20:00:00,Mražená zelenina mix,Bonduelle,1,48.71,48.71
100089,2025-12-18 20:00:00,Šunka,Kostelecké uzeniny,2,88.22,176.44
100089,2025-12-18 20:00:00,Víno červené,Bohemia Sekt,2,170.04,340.08
100089,2025-12-18 20:00:00,Káva zrnková 250g,Illy,2,188.05,376.1
100089,2025-12-18 20:00:00,Bílý jogurt 400g,Danone,2,29.02,58.03
100089,2025-12-18 20:00:00,Avokádo,Rohlik Farma,3,35.54,106.62
100089,2025-12-18 20:00:00,Ořechy mix 200g,Rohlik Farma,3,84.76,254.29
100089,2025-12-18 20:00:00,Mycí prostředek na nádobí,Jar,1,60.93,60.93
100089,2025-12-18 20:00:00,Rajčata,Rohlik Farma,1,60.76,60.76
100089,2025-12-18 20:00:00,Croissant,Rohlik Bakery,2,30.98,61.96
100089,2025-12-18 20:00:00,Chipsy,Lay's,1,47.63,47.63
100089,2025-12-18 20:00:00,Banány,Rohlik Farma,1,37.56,37.56
100089,2025-12-18 20:00:00,Pomerančový džus,Rauch,1,63.65,63.65
100090,2025-12-20 20:00:00,Losos filet,Norway Seafoods,3,265.48,796.43
100090,2025-12-20 20:00:00,Minerální voda 1.5l,Mattoni,1,20.17,20.17
100090,2025-12-20 20:00:00,Rohlíky 6ks,Rohlik Bakery,1,22.9,22.9
100090,2025-12-20 20:00:00,Prací gel 1.5l,Persil,3,202.11,606.33
100090,2025-12-20 20:00:00,Šunka,Kostelecké uzeniny,2,101.61,203.22
100090,2025-12-20 20:00:00,Mražená zelenina mix,Bonduelle,1,55.93,55.93
100090,2025-12-20 20:00:00,Máslo 250g,Prezident,2,60.22,120.44
100090,2025-12-20 20:00:00,Mleté hovězí maso,Steak House,1,182.33,182.33
100090,2025-12-20 20:00:00,Chipsy,Lay's,2,48.9,97.8
100090,2025-12-20 20:00:00,Káva zrnková 250g,Illy,2,207.98,415.96
100090,2025-12-20 20:00:00,Vejce M 10ks,Rohlik Farma,2,75.47,150.93
100090,2025-12-20 20:00:00,Eidam 30% plátky,Madeta,1,44.9,44.9
100090,2025-12-20 20:00:00,Brambory 2kg,Rohlik Farma,3,51.31,153.93
100091,2025-12-22 08:00:00,Eidam 30% plátky,Madeta,1,46.36,46.36
100091,2025-12-22 08:00:00,Avokádo,Rohlik Farma,1,35.67,35.67
100091,2025-12-22 08:00:00,Šunka,Kostelecké uzeniny,2,96.16,192.33
100091,2025-12-22 08:00:00,Vejce M 10ks,Rohlik Farma,2,77.4,154.8
100091,2025-12-22 08:00:00,Mražená pizza,Dr. Oetker,1,90.21,90.21
100091,2025-12-22 08:00:00,Mycí prostředek na nádobí,Jar,3,51.08,153.25
100091,2025-12-22 08:00:00,Bílý jogurt 400g,Danone,1,33.98,33.98
100091,2025-12-22 08:00:00,Mleté hovězí maso,Steak House,3,207.9,623.71
100091,2025-12-22 08:00:00,Mražená zelenina mix,Bonduelle,3,47.09,141.26
100091,2025-12-22 08:00:00,Kuřecí prsa,Vodňanské kuře,1,165.04,165.04
100091,2025-12-22 08:00:00,Chléb konzumní,Penam,1,43.68,43.68
100092,2025-12-24 20:00:00,Banány,Rohlik Farma,3,37.19,111.58
100092,2025-12-24 20:00:00,Mražená pizza,Dr. Oetker,1,107.72,107.72
100092,2025-12-24 20:00:00,Víno červené,Bohemia Sekt,1,186.94,186.94
100092,2025-12-24 20:00:00,Toaletní papír 8ks,Papírny,2,93.73,187.45
100092,2025-12-24 20:00:00,Šunka,Kostelecké uzeniny,1,84.48,84.48
100092,2025-12-24 20:00:00,Losos filet,Norway Seafoods,1,240.43,240.43
100092,2025-12-24 20:00:00,Čerstvé mléko 1l,Rohlik Farma,2,28.89,57.79
100092,2025-12-24 20:00:00,Káva zrnková 250g,Illy,3,194.69,584.08
100092,2025-12-24 20:00:00,Rajčata,Rohlik Farma,2,57.91,115.81
100092,2025-12-24 20:00:00,Chléb konzumní,Penam,2,39.0,78.0
100092,2025-12-24 20:00:00,Pomerančový džus,Rauch,1,65.57,65.57
100092,2025-12-24 20:00:00,Čokoláda,Milka,2,36.78,73.56
100092,2025-12-24 20:00:00,Chipsy,Lay's,3,48.44,145.33
100092,2025-12-24 20:00:00,Mycí prostředek na nádobí,Jar,1,62.13,62.13
100093,2025-12-27 12:00:00,Eidam 30% plátky,Madeta,2,42.05,84.1
100093,2025-12-27 12:00:00,Banány,Rohlik Farma,2,39.22,78.45
100093,2025-12-27 12:00:00,Mleté hovězí maso,Steak House,2,200.13,400.25
100093,2025-12-27 12:00:00,Prací gel 1.5l,Persil,3,213.53,640.59
100093,2025-12-27 12:00:00,Bílý jogurt 400g,Danone,1,33.24,33.24
100093,2025-12-27 12:00:00,Rohlíky 6ks,Rohlik Bakery,2,21.39,42.78
100093,2025-12-27 12:00:00,Losos filet,Norway Seafoods,1,243.68,243.68
100093,2025-12-27 12:00:00,Šunka,Kostelecké uzeniny,2,93.88,187.76
100094,2025-12-31 20:00:00,Rohlíky 6ks,Rohlik Bakery,2,19.97,39.94
100094,2025-12-31 20:00:00,Víno červené,Bohemia Sekt,1,174.17,174.17
100094,2025-12-31 20:00:00,Croissant,Rohlik Bakery,1,27.73,27.73
100094,2025-12-31 20:00:00,Šunka,Kostelecké uzeniny,1,83.84,83.84
100094,2025-12-31 20:00:00,Toaletní papír 8ks,Papírny,2,103.1,206.2
100094,2025-12-31 20:00:00,Zmrzlina vanilková,Ben & Jerry's,2,133.83,267.66
100094,2025-12-31 20:00:00,Ořechy mix 200g,Rohlik Farma,1,92.84,92.84
100094,2025-12-31 20:00:00,Prací gel 1.5l,Persil,1,206.72,206.72
100094,2025-12-31 20:00:00,Chléb konzumní,Penam,1,43.49,43.49
100094,2025-12-31 20:00:00,Chipsy,Lay's,1,49.05,49.05
100094,2025-12-31 20:00:00,Banány,Rohlik Farma,2,40.43,80.85
100094,2025-12-31 20:00:00,Vejce M 10ks,Rohlik Farma,2,73.12,146.25
100095,2026-01-03 08:00:00,Mrkev,Rohlik Farma,3,26.31,78.94
100095,2026-01-03 08:00:00,Mleté hovězí maso,Steak House,2,177.94,355.89
100095,2026-01-03 08:00:00,Zmrzlina vanilková,Ben & Jerry's,1,141.41,141.41
100095,2026-01-03 08:00:00,Ořechy mix 200g,Rohlik Farma,1,98.02,98.02
100095,2026-01-03 08:00:00,Vejce M 10ks,Rohlik Farma,2,78.03,156.06
100095,2026-01-03 08:00:00,Chléb konzumní,Penam,1,44.07,44.07
100095,2026-01-03 08:00:00,Eidam 30% plátky,Madeta,1,44.14,44.14
100095,2026-01-03 08:00:00,Brambory 2kg,Rohlik Farma,3,47.68,143.05
100095,2026-01-03 08:00:00,Rajčata,Rohlik Farma,2,53.18,106.35
100095,2026-01-03 08:00:00,Pomerančový džus,Rauch,2,67.64,135.27
100095,2026-01-03 08:00:00,Mražená zelenina mix,Bonduelle,3,54.09,162.26
100096,2026-01-04 20:00:00,Mrkev,Rohlik Farma,3,27.91,83.74
100096,2026-01-04 20:00:00,Zmrzlina vanilková,Ben & Jerry's,1,120.82,120.82
100096,2026-01-04 20:00:00,Víno červené,Bohemia Sekt,1,198.17,198.17
100096,2026-01-04 20:00:00,Bílý jogurt 400g,Danone,3,31.94,95.82
100097,2026-01-05 18:00:00,Šunka,Kostelecké uzeniny,2,80.16,160.31
100097,2026-01-05 18:00:00,Losos filet,Norway Seafoods,3,229.9,689.69
100097,2026-01-05 18:00:00,Chléb konzumní,Penam,2,44.47,88.93
100097,2026-01-05 18:00:00,Vejce M 10ks,Rohlik Farma,3,78.17,234.52
100097,2026-01-05 18:00:00,Víno červené,Bohemia Sekt,1,196.71,196.71
100097,2026-01-05 18:00:00,Chipsy,Lay's,2,42.95,85.9
100097,2026-01-05 18:00:00,Ořechy mix 200g,Rohlik Farma,2,98.45,196.91
100097,2026-01-05 18:00:00,Mražená zelenina mix,Bonduelle,2,47.39,94.78
100097,2026-01-05 18:00:00,Rohlíky 6ks,Rohlik Bakery,1,21.66,21.66
100097,2026-01-05 18:00:00,Mrkev,Rohlik Farma,2,23.32,46.63
100097,2026-01-05 18:00:00,Mleté hovězí maso,Steak House,2,207.35,414.69
100097,2026-01-05 18:00:00,Zmrzlina vanilková,Ben & Jerry's,3,140.68,422.05
100097,2026-01-05 18:00:00,Croissant,Rohlik Bakery,1,26.82,26.82
100097,2026-01-05 18:00:00,Kuřecí prsa,Vodňanské kuře,2,143.75,287.49
100098,2026-01-07 20:00:00,Šunka,Kostelecké uzeniny,1,99.73,99.73
100098,2026-01-07 20:00:00,Rajčata,Rohlik Farma,1,51.69,51.69
100098,2026-01-07 20:00:00,Prací gel 1.5l,Persil,1,174.51,174.51
100098,2026-01-07 20:00:00,Mražená pizza,Dr. Oetker,1,95.3,95.3
100099,2026-01-08 12:00:00,Losos filet,Norway Seafoods,3,271.11,813.34
100099,2026-01-08 12:00:00,Víno červené,Bohemia Sekt,2,190.43,380.87
100099,2026-01-08 12:00:00,Avokádo,Rohlik Farma,3,32.33,97.0
100099,2026-01-08 12:00:00,Mycí prostředek na nádobí,Jar,1,56.06,56.06
100100,2026-01-09 12:00:00,Toaletní papír 8ks,Papírny,2,91.31,182.62
100100,2026-01-09 12:00:00,Chléb konzumní,Penam,1,38.88,38.88
100100,2026-01-09 12:00:00,Čerstvé mléko 1l,Rohlik Farma,1,31.37,31.37
100100,2026-01-09 12:00:00,Zmrzlina vanilková,Ben & Jerry's,1,128.44,128.44
100100,2026-01-09 12:00:00,Prací gel 1.5l,Persil,1,200.41,200.41
100100,2026-01-09 12:00:00,Kuřecí prsa,Vodňanské kuře,3,148.78,446.34
100100,2026-01-09 12:00:00,Eidam 30% plátky,Madeta,2,46.84,93.67
100100,2026-01-09 12:00:00,Šunka,Kostelecké uzeniny,2,94.56,189.13
100100,2026-01-09 12:00:00,Bílý jogurt 400g,Danone,2,31.61,63.22
100100,2026-01-09 12:00:00,Croissant,Rohlik Bakery,1,30.65,30.65
100100,2026-01-09 12:00:00,Vejce M 10ks,Rohlik Farma,1,89.27,89.27
100100,2026-01-09 12:00:00,Brambory 2kg,Rohlik Farma,2,52.51,105.02
100101,2026-01-11 08:00:00,Chipsy,Lay's,2,44.04,88.08
100101,2026-01-11 08:00:00,Eidam 30% plátky,Madeta,1,43.29,43.29
100101,2026-01-11 08:00:00,Pomerančový džus,Rauch,3,54.34,163.03
100101,2026-01-11 08:00:00,Mycí prostředek na nádobí,Jar,2,57.76,115.53
100101,2026-01-11 08:00:00,Losos filet,Norway Seafoods,3,261.92,785.77
100101,2026-01-11 08:00:00,Mleté hovězí maso,Steak House,3,171.37,514.1
100102,2026-01-14 12:00:00,Losos filet,Norway Seafoods,1,232.32,232.32
100102,2026-01-14 12:00:00,Avokádo,Rohlik Farma,2,35.18,70.37
100102,2026-01-14 12:00:00,Víno červené,Bohemia Sekt,2,191.66,383.32
100102,2026-01-14 12:00:00,Máslo 250g,Prezident,2,74.01,148.02
100102,2026-01-14 12:00:00,Čokoláda,Milka,1,35.26,35.26
100102,2026-01-14 12:00:00,Brambory 2kg,Rohlik Farma,1,44.27,44.27
100102,2026-01-14 12:00:00,Croissant,Rohlik Bakery,1,26.39,26.39
100102,2026-01-14 12:00:00,Mražená pizza,Dr. Oetker,1,112.58,112.58
100102,2026-01-14 12:00:00,Eidam 30% plátky,Madeta,2,46.2,92.4
100102,2026-01-14 12:00:00,Chipsy,Lay's,3,48.52,145.55
100102,2026-01-14 12:00:00,Mycí prostředek na nádobí,Jar,2,55.32,110.65
100102,2026-01-14 12:00:00,Vejce M 10ks,Rohlik Farma,2,72.73,145.46
100102,2026-01-14 12:00:00,Rohlíky 6ks,Rohlik Bakery,2,22.76,45.51
100102,2026-01-14 12:00:00,Čerstvé mléko 1l,Rohlik Farma,1,27.14,27.14
100102,2026-01-14 12:00:00,Mleté hovězí maso,Steak House,1,173.83,173.83
100103,2026-01-17 18:00:00,Pomerančový džus,Rauch,3,67.16,201.49
100103,2026-01-17 18:00:00,Víno červené,Bohemia Sekt,1,163.69,163.69
100103,2026-01-17 18:00:00,Chipsy,Lay's,1,50.9,50.9
100103,2026-01-17 18:00:00,Ořechy mix 200g,Rohlik Farma,1,90.19,90.19
100103,2026-01-17 18:00:00,Mražená zelenina mix,Bonduelle,2,44.77,89.55
100103,2026-01-17 18:00:00,Toaletní papír 8ks,Papírny,3,107.46,322.37
100103,2026-01-17 18:00:00,Čokoláda,Milka,3,36.81,110.44
100103,2026-01-17 18:00:00,Vejce M 10ks,Rohlik Farma,1,85.08,85.08
100103,2026-01-17 18:00:00,Avokádo,Rohlik Farma,3,31.6,94.8
100103,2026-01-17 18:00:00,Šunka,Kostelecké uzeniny,2,101.3,202.61
100104,2026-01-21 12:00:00,Chipsy,Lay's,2,46.25,92.49
100104,2026-01-21 12:00:00,Zmrzlina vanilková,Ben & Jerry's,1,132.21,132.21
100104,2026-01-21 12:00:00,Mrkev,Rohlik Farma,2,23.54,47.09
100104,2026-01-21 12:00:00,Mycí prostředek na nádobí,Jar,1,53.01,53.01
100104,2026-01-21 12:00:00,Eidam 30% plátky,Madeta,1,50.56,50.56
100104,2026-01-21 12:00:00,Mražená pizza,Dr. Oetker,3,106.99,320.97
100104,2026-01-21 12:00:00,Čerstvé mléko 1l,Rohlik Farma,1,30.39,30.39
100104,2026-01-21 12:00:00,Kuřecí prsa,Vodňanské kuře,1,144.85,144.85
100104,2026-01-21 12:00:00,Šunka,Kostelecké uzeniny,1,85.54,85.54
100104,2026-01-21 12:00:00,Mražená zelenina mix,Bonduelle,2,48.56,97.12
100104,2026-01-21 12:00:00,Rohlíky 6ks,Rohlik Bakery,1,20.78,20.78
100104,2026-01-21 12:00:00,Vejce M 10ks,Rohlik Farma,1,82.02,82.02
100104,2026-01-21 12:00:00,Víno červené,Bohemia Sekt,3,194.24,582.73
100104,2026-01-21 12:00:00,Pomerančový džus,Rauch,2,56.41,112.82
100104,2026-01-21 12:00:00,Croissant,Rohlik Bakery,1,29.12,29.12
100105,2026-01-23 08:00:00,Mleté hovězí maso,Steak House,1,185.56,185.56
100105,2026-01-23 08:00:00,Eidam 30% plátky,Madeta,2,45.64,91.28
100105,2026-01-23 08:00:00,Rohlíky 6ks,Rohlik Bakery,1,20.9,20.9
100105,2026-01-23 08:00:00,Toaletní papír 8ks,Papírny,2,108.52,217.03
100105,2026-01-23 08:00:00,Máslo 250g,Prezident,3,68.62,205.86
100105,2026-01-23 08:00:00,Banány,Rohlik Farma,2,38.69,77.38
100105,2026-01-23 08:00:00,Brambory 2kg,Rohlik Farma,2,56.32,112.65
100105,2026-01-23 08:00:00,Zmrzlina vanilková,Ben & Jerry's,1,139.72,139.72
100105,2026-01-23 08:00:00,Čokoláda,Milka,2,42.51,85.03
100105,2026-01-23 08:00:00,Losos filet,Norway Seafoods,1,233.47,233.47
100105,2026-01-23 08:00:00,Vejce M 10ks,Rohlik Farma,2,71.57,143.14
100105,2026-01-23 08:00:00,Chléb konzumní,Penam,2,41.44,82.87
100105,2026-01-23 08:00:00,Avokádo,Rohlik Farma,3,39.18,117.53
100106,2026-01-25 20:00:00,Mycí prostředek na nádobí,Jar,3,61.81,185.44
100106,2026-01-25 20:00:00,Avokádo,Rohlik Farma,2,40.03,80.05
100106,2026-01-25 20:00:00,Eidam 30% plátky,Madeta,1,47.03,47.03
100106,2026-01-25 20:00:00,Rajčata,Rohlik Farma,2,51.34,102.67
100106,2026-01-25 20:00:00,Rohlíky 6ks,Rohlik Bakery,2,20.21,40.42
100106,2026-01-25 20:00:00,Brambory 2kg,Rohlik Farma,2,44.86,89.73
100106,2026-01-25 20:00:00,Šunka,Kostelecké uzeniny,3,101.55,304.66
100106,2026-01-25 20:00:00,Croissant,Rohlik Bakery,1,28.21,28.21
100106,2026-01-25 20:00:00,Máslo 250g,Prezident,1,73.55,73.55
100106,2026-01-25 20:00:00,Bílý jogurt 400g,Danone,2,34.41,68.81
100106,2026-01-25 20:00:00,Mrkev,Rohlik Farma,3,24.54,73.62
100106,2026-01-25 20:00:00,Vejce M 10ks,Rohlik Farma,2,76.47,152.94
100106,2026-01-25 20:00:00,Toaletní papír 8ks,Papírny,1,112.45,112.45
100106,2026-01-25 20:00:00,Chipsy,Lay's,1,49.27,49.27
100106,2026-01-25 20:00:00,Mražená pizza,Dr. Oetker,2,91.8,183.59
100107,2026-01-26 20:00:00,Kuřecí prsa,Vodňanské kuře,1,146.69,146.69
100107,2026-01-26 20:00:00,Šunka,Kostelecké uzeniny,3,86.87,260.61
100107,2026-01-26 20:00:00,Eidam 30% plátky,Madeta,3,48.34,145.02
100107,2026-01-26 20:00:00,Minerální voda 1.5l,Mattoni,1,18.12,18.12
100107,2026-01-26 20:00:00,Mleté hovězí maso,Steak House,1,177.11,177.11
100107,2026-01-26 20:00:00,Chipsy,Lay's,3,43.29,129.88
100107,2026-01-26 20:00:00,Rajčata,Rohlik Farma,1,54.95,54.95
100107,2026-01-26 20:00:00,Chléb konzumní,Penam,1,44.91,44.91
100107,2026-01-26 20:00:00,Avokádo,Rohlik Farma,1,38.68,38.68
100107,2026-01-26 20:00:00,Prací gel 1.5l,Persil,1,171.57,171.57
100107,2026-01-26 20:00:00,Mrkev,Rohlik Farma,2,27.84,55.68
100108,2026-01-29 08:00:00,Čokoláda,Milka,1,43.9,43.9
100108,2026-01-29 08:00:00,Bílý jogurt 400g,Danone,2,35.27,70.55
100108,2026-01-29 08:00:00,Eidam 30% plátky,Madeta,1,50.68,50.68
100108,2026-01-29 08:00:00,Čerstvé mléko 1l,Rohlik Farma,1,26.06,26.06
100108,2026-01-29 08:00:00,Máslo 250g,Prezident,2,59.32,118.65
100108,2026-01-29 08:00:00,Chipsy,Lay's,2,45.37,90.75
100108,2026-01-29 08:00:00,Brambory 2kg,Rohlik Farma,3,48.94,146.82
100108,2026-01-29 08:00:00,Mražená zelenina mix,Bonduelle,1,48.79,48.79
100108,2026-01-29 08:00:00,Rajčata,Rohlik Farma,2,51.88,103.75
100108,2026-01-29 08:00:00,Losos filet,Norway Seafoods,1,280.64,280.64
100108,2026-01-29 08:00:00,Mleté hovězí maso,Steak House,1,183.32,183.32
100108,2026-01-29 08:00:00,Vejce M 10ks,Rohlik Farma,1,71.78,71.78
100108,2026-01-29 08:00:00,Mrkev,Rohlik Farma,2,26.36,52.71
100108,2026-01-29 08:00:00,Pomerančový džus,Rauch,3,57.45,172.36
100108,2026-01-29 08:00:00,Ořechy mix 200g,Rohlik Farma,2,99.74,199.48
100108,2026-01-29 08:00:00,Mražená pizza,Dr. Oetker,2,90.61,181.22
100109,2026-01-30 12:00:00,Rajčata,Rohlik Farma,2,56.99,113.97
100109,2026-01-30 12:00:00,Víno červené,Bohemia Sekt,2,176.5,352.99
100109,2026-01-30 12:00:00,Čokoláda,Milka,2,40.0,80.0
100109,2026-01-30 12:00:00,Rohlíky 6ks,Rohlik Bakery,2,21.29,42.57
100109,2026-01-30 12:00:00,Brambory 2kg,Rohlik Farma,1,48.01,48.01
100109,2026-01-30 12:00:00,Mražená zelenina mix,Bonduelle,1,44.46,44.46
100109,2026-01-30 12:00:00,Minerální voda 1.5l,Mattoni,1,17.38,17.38
100109,2026-01-30 12:00:00,Čerstvé mléko 1l,Rohlik Farma,2,28.91,57.81
100109,2026-01-30 12:00:00,Losos filet,Norway Seafoods,2,286.33,572.65
100109,2026-01-30 12:00:00,Mleté hovězí maso,Steak House,1,174.83,174.83
100110,2026-02-01 08:00:00,Brambory 2kg,Rohlik Farma,1,54.35,54.35
100110,2026-02-01 08:00:00,Pomerančový džus,Rauch,2,61.1,122.19
100110,2026-02-01 08:00:00,Zmrzlina vanilková,Ben & Jerry's,1,131.92,131.92
100110,2026-02-01 08:00:00,Čokoláda,Milka,1,35.65,35.65
100110,2026-02-01 08:00:00,Losos filet,Norway Seafoods,2,237.72,475.44
100110,2026-02-01 08:00:00,Mleté hovězí maso,Steak House,2,192.68,385.37
100110,2026-02-01 08:00:00,Banány,Rohlik Farma,1,44.05,44.05
100110,2026-02-01 08:00:00,Mycí prostředek na nádobí,Jar,1,60.59,60.59
100110,2026-02-01 08:00:00,Mražená pizza,Dr. Oetker,1,106.84,106.84
100110,2026-02-01 08:00:00,Mražená zelenina mix,Bonduelle,1,44.83,44.83
100110,2026-02-01 08:00:00,Kuřecí prsa,Vodňanské kuře,1,166.42,166.42
100110,2026-02-01 08:00:00,Chipsy,Lay's,1,49.21,49.21
100110,2026-02-01 08:00:00,Čerstvé mléko 1l,Rohlik Farma,2,31.22,62.45
100110,2026-02-01 08:00:00,Víno červené,Bohemia Sekt,1,177.82,177.82
100110,2026-02-01 08:00:00,Bílý jogurt 400g,Danone,3,31.96,95.89
100110,2026-02-01 08:00:00,Avokádo,Rohlik Farma,1,34.44,34.44
100111,2026-02-02 12:00:00,Šunka,Kostelecké uzeniny,3,95.42,286.26
100111,2026-02-02 12:00:00,Čokoláda,Milka,1,36.83,36.83
100111,2026-02-02 12:00:00,Víno červené,Bohemia Sekt,1,203.56,203.56
100111,2026-02-02 12:00:00,Croissant,Rohlik Bakery,2,28.94,57.88
100111,2026-02-02 12:00:00,Zmrzlina vanilková,Ben & Jerry's,2,117.14,234.29
100111,2026-02-02 12:00:00,Kuřecí prsa,Vodňanské kuře,2,155.75,311.5
100111,2026-02-02 12:00:00,Banány,Rohlik Farma,2,37.25,74.51
100111,2026-02-02 12:00:00,Prací gel 1.5l,Persil,2,175.02,350.04
100111,2026-02-02 12:00:00,Minerální voda 1.5l,Mattoni,2,17.77,35.54
100111,2026-02-02 12:00:00,Káva zrnková 250g,Illy,3,182.97,548.91
100111,2026-02-02 12:00:00,Mleté hovězí maso,Steak House,1,216.52,216.52
100111,2026-02-02 12:00:00,Brambory 2kg,Rohlik Farma,1,51.89,51.89
100111,2026-02-02 12:00:00,Mycí prostředek na nádobí,Jar,1,60.8,60.8
100111,2026-02-02 12:00:00,Losos filet,Norway Seafoods,3,263.88,791.65
100111,2026-02-02 12:00:00,Avokádo,Rohlik Farma,1,35.41,35.41
100112,2026-02-03 12:00:00,Vejce M 10ks,Rohlik Farma,1,81.88,81.88
100112,2026-02-03 12:00:00,Mleté hovězí maso,Steak House,1,209.26,209.26
100112,2026-02-03 12:00:00,Mrkev,Rohlik Farma,2,26.57,53.14
100112,2026-02-03 12:00:00,Čokoláda,Milka,3,37.3,111.9
100112,2026-02-03 12:00:00,Eidam 30% plátky,Madeta,2,41.33,82.66
100112,2026-02-03 12:00:00,Mycí prostředek na nádobí,Jar,1,53.55,53.55
100112,2026-02-03 12:00:00,Čerstvé mléko 1l,Rohlik Farma,1,27.03,27.03
100112,2026-02-03 12:00:00,Máslo 250g,Prezident,1,59.71,59.71
100112,2026-02-03 12:00:00,Losos filet,Norway Seafoods,1,279.37,279.37
100112,2026-02-03 12:00:00,Chléb konzumní,Penam,1,45.49,45.49
100112,2026-02-03 12:00:00,Šunka,Kostelecké uzeniny,2,101.06,202.11
100112,2026-02-03 12:00:00,Banány,Rohlik Farma,1,38.4,38.4
100112,2026-02-03 12:00:00,Káva zrnková 250g,Illy,2,223.54,447.08
100112,2026-02-03 12:00:00,Croissant,Rohlik Bakery,3,26.32,78.97
100112,2026-02-03 12:00:00,Toaletní papír 8ks,Papírny,3,93.18,279.55
100113,2026-02-05 08:00:00,Rajčata,Rohlik Farma,3,53.37,160.11
100113,2026-02-05 08:00:00,Mražená pizza,Dr. Oetker,1,91.47,91.47
100113,2026-02-05 08:00:00,Šunka,Kostelecké uzeniny,2,92.82,185.64
100113,2026-02-05 08:00:00,Prací gel 1.5l,Persil,2,177.36,354.71
100113,2026-02-05 08:00:00,Minerální voda 1.5l,Mattoni,1,17.12,17.12
100113,2026-02-05 08:00:00,Mycí prostředek na nádobí,Jar,1,53.55,53.55
100113,2026-02-05 08:00:00,Chipsy,Lay's,3,47.53,142.6
100113,2026-02-05 08:00:00,Čokoláda,Milka,2,37.05,74.09
100113,2026-02-05 08:00:00,Mrkev,Rohlik Farma,1,23.79,23.79
100114,2026-02-09 20:00:00,Croissant,Rohlik Bakery,1,27.45,27.45
100114,2026-02-09 20:00:00,Mražená zelenina mix,Bonduelle,1,47.33,47.33
100114,2026-02-09 20:00:00,Toaletní papír 8ks,Papírny,2,95.62,191.24
100114,2026-02-09 20:00:00,Mrkev,Rohlik Farma,1,26.03,26.03
100114,2026-02-09 20:00:00,Vejce M 10ks,Rohlik Farma,1,85.96,85.96
100114,2026-02-09 20:00:00,Víno červené,Bohemia Sekt,3,165.43,496.28
100114,2026-02-09 20:00:00,Minerální voda 1.5l,Mattoni,3,18.73,56.2
100114,2026-02-09 20:00:00,Losos filet,Norway Seafoods,2,249.87,499.74
100114,2026-02-09 20:00:00,Banány,Rohlik Farma,2,37.32,74.64
100114,2026-02-09 20:00:00,Mleté hovězí maso,Steak House,1,209.83,209.83
100114,2026-02-09 20:00:00,Prací gel 1.5l,Persil,2,189.88,379.76
100115,2026-02-15 08:00:00,Pomerančový džus,Rauch,1,65.02,65.02
100115,2026-02-15 08:00:00,Mražená zelenina mix,Bonduelle,1,44.62,44.62
100115,2026-02-15 08:00:00,Rohlíky 6ks,Rohlik Bakery,1,25.24,25.24
100115,2026-02-15 08:00:00,Čokoláda,Milka,2,37.07,74.14
100115,2026-02-15 08:00:00,Mražená pizza,Dr. Oetker,3,92.76,278.28
100115,2026-02-15 08:00:00,Toaletní papír 8ks,Papírny,2,95.48,190.97
100115,2026-02-15 08:00:00,Káva zrnková 250g,Illy,3,224.58,673.74
100115,2026-02-15 08:00:00,Bílý jogurt 400g,Danone,1,29.5,29.5
100115,2026-02-15 08:00:00,Eidam 30% plátky,Madeta,2,44.97,89.94
100115,2026-02-15 08:00:00,Chléb konzumní,Penam,1,46.79,46.79
100115,2026-02-15 08:00:00,Banány,Rohlik Farma,2,39.57,79.13
100115,2026-02-15 08:00:00,Mycí prostředek na nádobí,Jar,1,60.32,60.32
100116,2026-02-18 20:00:00,Bílý jogurt 400g,Danone,1,33.3,33.3
100116,2026-02-18 20:00:00,Pomerančový džus,Rauch,1,64.69,64.69
100116,2026-02-18 20:00:00,Mražená zelenina mix,Bonduelle,2,54.88,109.76
100116,2026-02-18 20:00:00,Zmrzlina vanilková,Ben & Jerry's,2,124.62,249.24
100116,2026-02-18 20:00:00,Chipsy,Lay's,3,45.96,137.89
100116,2026-02-18 20:00:00,Eidam 30% plátky,Madeta,2,45.82,91.64
100117,2026-02-19 20:00:00,Káva zrnková 250g,Illy,2,223.36,446.71
100117,2026-02-19 20:00:00,Mražená pizza,Dr. Oetker,1,106.19,106.19
100117,2026-02-19 20:00:00,Toaletní papír 8ks,Papírny,1,107.56,107.56
100117,2026-02-19 20:00:00,Prací gel 1.5l,Persil,1,212.48,212.48
100117,2026-02-19 20:00:00,Losos filet,Norway Seafoods,1,245.13,245.13
100117,2026-02-19 20:00:00,Máslo 250g,Prezident,1,63.55,63.55
100118,2026-02-24 18:00:00,Chléb konzumní,Penam,2,46.91,93.81
100118,2026-02-24 18:00:00,Chipsy,Lay's,1,46.3,46.3
100118,2026-02-24 18:00:00,Ořechy mix 200g,Rohlik Farma,1,81.56,81.56
100118,2026-02-24 18:00:00,Kuřecí prsa,Vodňanské kuře,3,163.25,489.74
100118,2026-02-24 18:00:00,Mrkev,Rohlik Farma,1,27.38,27.38
100118,2026-02-24 18:00:00,Mycí prostředek na nádobí,Jar,2,61.59,123.18
100118,2026-02-24 18:00:00,Šunka,Kostelecké uzeniny,1,83.97,83.97
100118,2026-02-24 18:00:00,Káva zrnková 250g,Illy,1,220.74,220.74
100118,2026-02-24 18:00:00,Víno červené,Bohemia Sekt,1,162.58,162.58
100118,2026-02-24 18:00:00,Vejce M 10ks,Rohlik Farma,1,89.23,89.23
100118,2026-02-24 18:00:00,Rajčata,Rohlik Farma,3,52.24,156.71
100118,2026-02-24 18:00:00,Mražená pizza,Dr. Oetker,1,109.48,109.48
100118,2026-02-24 18:00:00,Prací gel 1.5l,Persil,2,188.86,377.71
100118,2026-02-24 18:00:00,Mražená zelenina mix,Bonduelle,1,52.44,52.44
100118,2026-02-24 18:00:00,Croissant,Rohlik Bakery,1,28.8,28.8
100119,2026-02-26 20:00:00,Minerální voda 1.5l,Mattoni,2,20.8,41.61
100119,2026-02-26 20:00:00,Mleté hovězí maso,Steak House,1,210.6,210.6
100119,2026-02-26 20:00:00,Mražená zelenina mix,Bonduelle,3,46.86,140.57
100119,2026-02-26 20:00:00,Banány,Rohlik Farma,1,37.72,37.72
100119,2026-02-26 20:00:00,Mrkev,Rohlik Farma,2,25.71,51.42
100119,2026-02-26 20:00:00,Mycí prostředek na nádobí,Jar,3,49.62,148.87
100119,2026-02-26 20:00:00,Prací gel 1.5l,Persil,1,200.69,200.69
100119,2026-02-26 20:00:00,Vejce M 10ks,Rohlik Farma,2,86.92,173.83
100119,2026-02-26 20:00:00,Avokádo,Rohlik Farma,1,33.71,33.71
100119,2026-02-26 20:00:00,Čerstvé mléko 1l,Rohlik Farma,1,30.19,30.19
100119,2026-02-26 20:00:00,Losos filet,Norway Seafoods,3,264.11,792.33
100119,2026-02-26 20:00:00,Máslo 250g,Prezident,2,73.05,146.1
100119,2026-02-26 20:00:00,Ořechy mix 200g,Rohlik Farma,1,90.31,90.31
100120,2026-02-27 18:00:00,Rohlíky 6ks,Rohlik Bakery,2,20.15,40.3
100120,2026-02-27 18:00:00,Ořechy mix 200g,Rohlik Farma,1,94.35,94.35
100120,2026-02-27 18:00:00,Káva zrnková 250g,Illy,1,192.09,192.09
100120,2026-02-27 18:00:00,Losos filet,Norway Seafoods,3,283.37,850.12
100120,2026-02-27 18:00:00,Pomerančový džus,Rauch,3,57.51,172.52
100120,2026-02-27 18:00:00,Eidam 30% plátky,Madeta,1,46.32,46.32
100120,2026-02-27 18:00:00,Čerstvé mléko 1l,Rohlik Farma,1,31.5,31.5
100120,2026-02-27 18:00:00,Mražená pizza,Dr. Oetker,2,99.1,198.2
100120,2026-02-27 18:00:00,Toaletní papír 8ks,Papírny,1,105.95,105.95
100120,2026-02-27 18:00:00,Mleté hovězí maso,Steak House,3,171.3,513.91
100120,2026-02-27 18:00:00,Minerální voda 1.5l,Mattoni,2,21.84,43.68
100120,2026-02-27 18:00:00,Avokádo,Rohlik Farma,1,39.44,39.44
100120,2026-02-27 18:00:00,Čokoláda,Milka,2,38.89,77.77
100120,2026-02-27 18:00:00,Chipsy,Lay's,1,47.06,47.06
100121,2026-03-02 12:00:00,Minerální voda 1.5l,Mattoni,1,20.62,20.62
100121,2026-03-02 12:00:00,Víno červené,Bohemia Sekt,3,197.27,591.82
100121,2026-03-02 12:00:00,Čokoláda,Milka,1,44.33,44.33
100121,2026-03-02 12:00:00,Croissant,Rohlik Bakery,1,30.84,30.84
100121,2026-03-02 12:00:00,Toaletní papír 8ks,Papírny,1,97.89,97.89
100121,2026-03-02 12:00:00,Mleté hovězí maso,Steak House,3,211.28,633.83
100121,2026-03-02 12:00:00,Rohlíky 6ks,Rohlik Bakery,2,24.13,48.27
100121,2026-03-02 12:00:00,Avokádo,Rohlik Farma,1,34.75,34.75
100121,2026-03-02 12:00:00,Banány,Rohlik Farma,2,37.97,75.93
100121,2026-03-02 12:00:00,Mražená pizza,Dr. Oetker,1,100.75,100.75
100121,2026-03-02 12:00:00,Zmrzlina vanilková,Ben & Jerry's,3,134.92,404.76
100121,2026-03-02 12:00:00,Prací gel 1.5l,Persil,2,173.46,346.93
100121,2026-03-02 12:00:00,Eidam 30% plátky,Madeta,1,46.13,46.13
100121,2026-03-02 12:00:00,Ořechy mix 200g,Rohlik Farma,3,88.59,265.78
100122,2026-03-03 08:00:00,Bílý jogurt 400g,Danone,1,31.33,31.33
100122,2026-03-03 08:00:00,Rajčata,Rohlik Farma,3,51.98,155.94
100122,2026-03-03 08:00:00,Kuřecí prsa,Vodňanské kuře,1,162.48,162.48
100122,2026-03-03 08:00:00,Šunka,Kostelecké uzeniny,3,102.05,306.16
100122,2026-03-03 08:00:00,Pomerančový džus,Rauch,1,62.46,62.46
100122,2026-03-03 08:00:00,Chléb konzumní,Penam,1,42.55,42.55
100123,2026-03-04 12:00:00,Chipsy,Lay's,2,44.81,89.62
100123,2026-03-04 12:00:00,Banány,Rohlik Farma,1,40.3,40.3
100123,2026-03-04 12:00:00,Croissant,Rohlik Bakery,3,28.8,86.41
100123,2026-03-04 12:00:00,Čokoláda,Milka,1,43.8,43.8
100123,2026-03-04 12:00:00,Mražená pizza,Dr. Oetker,2,93.82,187.63
100123,2026-03-04 12:00:00,Ořechy mix 200g,Rohlik Farma,3,80.19,240.58
100123,2026-03-04 12:00:00,Vejce M 10ks,Rohlik Farma,3,76.01,228.04
100123,2026-03-04 12:00:00,Bílý jogurt 400g,Danone,3,35.82,107.45
100123,2026-03-04 12:00:00,Káva zrnková 250g,Illy,1,185.51,185.51
100123,2026-03-04 12:00:00,Šunka,Kostelecké uzeniny,2,91.3,182.6
100123,2026-03-04 12:00:00,Víno červené,Bohemia Sekt,1,168.57,168.57
100123,2026-03-04 12:00:00,Losos filet,Norway Seafoods,1,242.66,242.66
100123,2026-03-04 12:00:00,Toaletní papír 8ks,Papírny,1,100.38,100.38
100124,2026-03-09 20:00:00,Chipsy,Lay's,1,48.76,48.76
100124,2026-03-09 20:00:00,Rajčata,Rohlik Farma,2,56.44,112.88
100124,2026-03-09 20:00:00,Banány,Rohlik Farma,1,38.67,38.67
100124,2026-03-09 20:00:00,Čokoláda,Milka,3,42.82,128.47
100124,2026-03-09 20:00:00,Losos filet,Norway Seafoods,2,278.66,557.33
100124,2026-03-09 20:00:00,Čerstvé mléko 1l,Rohlik Farma,1,30.6,30.6
100124,2026-03-09 20:00:00,Brambory 2kg,Rohlik Farma,2,44.7,89.39
100124,2026-03-09 20:00:00,Mycí prostředek na nádobí,Jar,1,58.6,58.6
100124,2026-03-09 20:00:00,Bílý jogurt 400g,Danone,3,35.49,106.47
100125,2026-03-10 08:00:00,Chléb konzumní,Penam,1,40.96,40.96
100125,2026-03-10 08:00:00,Losos filet,Norway Seafoods,3,230.39,691.16
100125,2026-03-10 08:00:00,Eidam 30% plátky,Madeta,2,43.54,87.07
100125,2026-03-10 08:00:00,Minerální voda 1.5l,Mattoni,2,20.43,40.86
100125,2026-03-10 08:00:00,Mrkev,Rohlik Farma,2,27.69,55.38
100125,2026-03-10 08:00:00,Croissant,Rohlik Bakery,1,29.81,29.81
100125,2026-03-10 08:00:00,Prací gel 1.5l,Persil,2,175.66,351.33
100125,2026-03-10 08:00:00,Bílý jogurt 400g,Danone,1,35.08,35.08
100125,2026-03-10 08:00:00,Rajčata,Rohlik Farma,2,52.23,104.46
100125,2026-03-10 08:00:00,Víno červené,Bohemia Sekt,1,195.91,195.91
100126,2026-03-13 20:00:00,Banány,Rohlik Farma,1,35.13,35.13
100126,2026-03-13 20:00:00,Máslo 250g,Prezident,3,59.95,179.84
100126,2026-03-13 20:00:00,Minerální voda 1.5l,Mattoni,1,21.07,21.07
100126,2026-03-13 20:00:00,Croissant,Rohlik Bakery,3,29.68,89.05
100126,2026-03-13 20:00:00,Rajčata,Rohlik Farma,1,60.22,60.22
100126,2026-03-13 20:00:00,Prací gel 1.5l,Persil,1,204.29,204.29
100126,2026-03-13 20:00:00,Ořechy mix 200g,Rohlik Farma,1,100.23,100.23
100126,2026-03-13 20:00:00,Kuřecí prsa,Vodňanské kuře,3,152.29,456.87
100127,2026-03-15 20:00:00,Eidam 30% plátky,Madeta,1,50.09,50.09
100127,2026-03-15 20:00:00,Ořechy mix 200g,Rohlik Farma,1,97.94,97.94
100127,2026-03-15 20:00:00,Banány,Rohlik Farma,1,39.25,39.25
100127,2026-03-15 20:00:00,Zmrzlina vanilková,Ben & Jerry's,1,119.16,119.16
100128,2026-03-17 12:00:00,Víno červené,Bohemia Sekt,2,173.26,346.53
100128,2026-03-17 12:00:00,Banány,Rohlik Farma,2,41.83,83.65
100128,2026-03-17 12:00:00,Kuřecí prsa,Vodňanské kuře,2,174.9,349.79
100128,2026-03-17 12:00:00,Mleté hovězí maso,Steak House,3,211.97,635.91
100128,2026-03-17 12:00:00,Chléb konzumní,Penam,1,38.99,38.99
100128,2026-03-17 12:00:00,Káva zrnková 250g,Illy,3,215.24,645.72
100128,2026-03-17 12:00:00,Mrkev,Rohlik Farma,1,23.15,23.15
100128,2026-03-17 12:00:00,Vejce M 10ks,Rohlik Farma,2,80.63,161.27
100128,2026-03-17 12:00:00,Ořechy mix 200g,Rohlik Farma,2,95.19,190.39
100128,2026-03-17 12:00:00,Zmrzlina vanilková,Ben & Jerry's,1,135.82,135.82
100128,2026-03-17 12:00:00,Mražená zelenina mix,Bonduelle,1,51.59,51.59
100128,2026-03-17 12:00:00,Eidam 30% plátky,Madeta,3,50.4,151.2
100128,2026-03-17 12:00:00,Losos filet,Norway Seafoods,3,284.7,854.09
100128,2026-03-17 12:00:00,Minerální voda 1.5l,Mattoni,1,19.39,19.39
100129,2026-03-21 18:00:00,Prací gel 1.5l,Persil,3,197.35,592.04
100129,2026-03-21 18:00:00,Zmrzlina vanilková,Ben & Jerry's,2,123.32,246.65
100129,2026-03-21 18:00:00,Toaletní papír 8ks,Papírny,3,110.71,332.13
100129,2026-03-21 18:00:00,Rohlíky 6ks,Rohlik Bakery,2,22.68,45.35
100130,2026-03-23 12:00:00,Mleté hovězí maso,Steak House,2,210.21,420.42
100130,2026-03-23 12:00:00,Toaletní papír 8ks,Papírny,2,110.62,221.24
100130,2026-03-23 12:00:00,Mražená zelenina mix,Bonduelle,1,53.31,53.31
100130,2026-03-23 12:00:00,Víno červené,Bohemia Sekt,1,171.88,171.88
100130,2026-03-23 12:00:00,Losos filet,Norway Seafoods,1,227.23,227.23
100130,2026-03-23 12:00:00,Bílý jogurt 400g,Danone,1,33.2,33.2
100130,2026-03-23 12:00:00,Minerální voda 1.5l,Mattoni,2,19.02,38.03
100130,2026-03-23 12:00:00,Káva zrnková 250g,Illy,1,183.02,183.02
100130,2026-03-23 12:00:00,Máslo 250g,Prezident,2,71.52,143.04
100130,2026-03-23 12:00:00,Čerstvé mléko 1l,Rohlik Farma,2,25.82,51.63
100130,2026-03-23 12:00:00,Banány,Rohlik Farma,2,39.46,78.92
100131,2026-03-24 20:00:00,Víno červené,Bohemia Sekt,1,177.36,177.36
100131,2026-03-24 20:00:00,Čerstvé mléko 1l,Rohlik Farma,1,30.92,30.92
100131,2026-03-24 20:00:00,Eidam 30% plátky,Madeta,2,44.23,88.47
100131,2026-03-24 20:00:00,Losos filet,Norway Seafoods,2,261.45,522.89
100131,2026-03-24 20:00:00,Šunka,Kostelecké uzeniny,3,94.72,284.17
100131,2026-03-24 20:00:00,Máslo 250g,Prezident,3,65.85,197.56
100131,2026-03-24 20:00:00,Minerální voda 1.5l,Mattoni,1,20.71,20.71
100131,2026-03-24 20:00:00,Mycí prostředek na nádobí,Jar,1,49.53,49.53
100131,2026-03-24 20:00:00,Mražená zelenina mix,Bonduelle,1,54.27,54.27
100131,2026-03-24 20:00:00,Vejce M 10ks,Rohlik Farma,1,81.92,81.92
100131,2026-03-24 20:00:00,Káva zrnková 250g,Illy,1,214.03,214.03
100131,2026-03-24 20:00:00,Avokádo,Rohlik Farma,1,39.35,39.35
100131,2026-03-24 20:00:00,Rohlíky 6ks,Rohlik Bakery,2,20.57,41.14
100131,2026-03-24 20:00:00,Rajčata,Rohlik Farma,3,59.71,179.13
100131,2026-03-24 20:00:00,Chléb konzumní,Penam,2,38.92,77.85
100132,2026-03-26 20:00:00,Chléb konzumní,Penam,2,38.29,76.58
100132,2026-03-26 20:00:00,Ořechy mix 200g,Rohlik Farma,3,98.73,296.2
100132,2026-03-26 20:00:00,Čokoláda,Milka,2,36.3,72.6
100132,2026-03-26 20:00:00,Rajčata,Rohlik Farma,2,55.79,111.58
100132,2026-03-26 20:00:00,Prací gel 1.5l,Persil,2,215.28,430.56
100132,2026-03-26 20:00:00,Kuřecí prsa,Vodňanské kuře,1,181.41,181.41
100132,2026-03-26 20:00:00,Eidam 30% plátky,Madeta,1,46.47,46.47
100133,2026-03-27 20:00:00,Croissant,Rohlik Bakery,2,29.14,58.27
100133,2026-03-27 20:00:00,Rohlíky 6ks,Rohlik Bakery,2,24.84,49.68
100133,2026-03-27 20:00:00,Chipsy,Lay's,1,43.58,43.58
100133,2026-03-27 20:00:00,Banány,Rohlik Farma,1,44.56,44.56
100133,2026-03-27 20:00:00,Prací gel 1.5l,Persil,2,208.13,416.25
100133,2026-03-27 20:00:00,Pomerančový džus,Rauch,1,59.19,59.19
100133,2026-03-27 20:00:00,Ořechy mix 200g,Rohlik Farma,3,99.82,299.47
100133,2026-03-27 20:00:00,Bílý jogurt 400g,Danone,2,31.19,62.38
100133,2026-03-27 20:00:00,Eidam 30% plátky,Madeta,3,46.66,139.99
100133,2026-03-27 20:00:00,Losos filet,Norway Seafoods,1,268.41,268.41
100133,2026-03-27 20:00:00,Káva zrnková 250g,Illy,2,210.57,421.14
100133,2026-03-27 20:00:00,Kuřecí prsa,Vodňanské kuře,1,151.44,151.44
100133,2026-03-27 20:00:00,Mražená zelenina mix,Bonduelle,3,47.66,142.98
100134,2026-03-28 12:00:00,Víno červené,Bohemia Sekt,1,184.49,184.49
100134,2026-03-28 12:00:00,Banány,Rohlik Farma,1,38.81,38.81
100134,2026-03-28 12:00:00,Rohlíky 6ks,Rohlik Bakery,1,23.49,23.49
100134,2026-03-28 12:00:00,Minerální voda 1.5l,Mattoni,1,18.37,18.37
100134,2026-03-28 12:00:00,Prací gel 1.5l,Persil,1,216.57,216.57
100134,2026-03-28 12:00:00,Mražená pizza,Dr. Oetker,3,95.3,285.9
100134,2026-03-28 12:00:00,Kuřecí prsa,Vodňanské kuře,1,170.55,170.55
100134,2026-03-28 12:00:00,Čokoláda,Milka,1,37.09,37.09
100134,2026-03-28 12:00:00,Eidam 30% plátky,Madeta,2,40.86,81.73
100134,2026-03-28 12:00:00,Mleté hovězí maso,Steak House,2,174.94,349.88
100134,2026-03-28 12:00:00,Ořechy mix 200g,Rohlik Farma,3,96.55,289.66
100134,2026-03-28 12:00:00,Croissant,Rohlik Bakery,1,31.48,31.48
100134,2026-03-28 12:00:00,Šunka,Kostelecké uzeniny,2,88.75,177.51
100134,2026-03-28 12:00:00,Avokádo,Rohlik Farma,2,38.36,76.73
100134,2026-03-28 12:00:00,Káva zrnková 250g,Illy,3,193.41,580.23
100135,2026-03-31 18:00:00,Máslo 250g,Prezident,2,70.5,141.0
100135,2026-03-31 18:00:00,Čerstvé mléko 1l,Rohlik Farma,1,30.63,30.63
100135,2026-03-31 18:00:00,Mycí prostředek na nádobí,Jar,1,53.54,53.54
100135,2026-03-31 18:00:00,Mrkev,Rohlik Farma,1,28.65,28.65
100135,2026-03-31 18:00:00,Rajčata,Rohlik Farma,1,52.07,52.07
100135,2026-03-31 18:00:00,Káva zrnková 250g,Illy,1,215.67,215.67
100135,2026-03-31 18:00:00,Chléb konzumní,Penam,1,41.76,41.76
100135,2026-03-31 18:00:00,Brambory 2kg,Rohlik Farma,2,47.52,95.04
100135,2026-03-31 18:00:00,Víno červené,Bohemia Sekt,1,166.92,166.92
100135,2026-03-31 18:00:00,Toaletní papír 8ks,Papírny,2,110.04,220.08
100135,2026-03-31 18:00:00,Mleté hovězí maso,Steak House,1,185.72,185.72
100135,2026-03-31 18:00:00,Pomerančový džus,Rauch,3,66.93,200.78
100136,2026-04-01 18:00:00,Máslo 250g,Prezident,1,74.05,74.05
100136,2026-04-01 18:00:00,Chipsy,Lay's,2,41.27,82.53
100136,2026-04-01 18:00:00,Víno červené,Bohemia Sekt,2,168.23,336.46
100136,2026-04-01 18:00:00,Káva zrnková 250g,Illy,2,205.82,411.64
100136,2026-04-01 18:00:00,Toaletní papír 8ks,Papírny,1,97.75,97.75
100136,2026-04-01 18:00:00,Avokádo,Rohlik Farma,1,37.3,37.3
100136,2026-04-01 18:00:00,Croissant,Rohlik Bakery,1,28.72,28.72
100136,2026-04-01 18:00:00,Pomerančový džus,Rauch,1,67.12,67.12
100136,2026-04-01 18:00:00,Minerální voda 1.5l,Mattoni,2,19.62,39.24
100136,2026-04-01 18:00:00,Mleté hovězí maso,Steak House,2,209.02,418.04
100136,2026-04-01 18:00:00,Vejce M 10ks,Rohlik Farma,3,71.27,213.82
100136,2026-04-01 18:00:00,Kuřecí prsa,Vodňanské kuře,3,156.85,470.56
100136,2026-04-01 18:00:00,Rohlíky 6ks,Rohlik Bakery,1,24.77,24.77
100137,2026-04-06 08:00:00,Mrkev,Rohlik Farma,2,22.77,45.55
100137,2026-04-06 08:00:00,Minerální voda 1.5l,Mattoni,3,18.01,54.04
100137,2026-04-06 08:00:00,Mycí prostředek na nádobí,Jar,2,50.63,101.26
100137,2026-04-06 08:00:00,Avokádo,Rohlik Farma,1,32.96,32.96
100137,2026-04-06 08:00:00,Čerstvé mléko 1l,Rohlik Farma,2,28.93,57.86
100137,2026-04-06 08:00:00,Rohlíky 6ks,Rohlik Bakery,3,20.16,60.48
100137,2026-04-06 08:00:00,Mleté hovězí maso,Steak House,3,199.84,599.53
100137,2026-04-06 08:00:00,Chipsy,Lay's,1,50.23,50.23
100137,2026-04-06 08:00:00,Prací gel 1.5l,Persil,2,209.59,419.17
100137,2026-04-06 08:00:00,Chléb konzumní,Penam,1,43.45,43.45
100138,2026-04-13 20:00:00,Kuřecí prsa,Vodňanské kuře,3,159.18,477.53
100138,2026-04-13 20:00:00,Máslo 250g,Prezident,1,58.77,58.77
100138,2026-04-13 20:00:00,Vejce M 10ks,Rohlik Farma,3,73.44,220.31
100138,2026-04-13 20:00:00,Zmrzlina vanilková,Ben & Jerry's,1,136.79,136.79
100138,2026-04-13 20:00:00,Mražená zelenina mix,Bonduelle,2,44.87,89.75
100138,2026-04-13 20:00:00,Banány,Rohlik Farma,3,40.81,122.43
100138,2026-04-13 20:00:00,Mrkev,Rohlik Farma,3,27.8,83.4
100138,2026-04-13 20:00:00,Minerální voda 1.5l,Mattoni,1,21.51,21.51
100138,2026-04-13 20:00:00,Ořechy mix 200g,Rohlik Farma,1,86.55,86.55
100138,2026-04-13 20:00:00,Pomerančový džus,Rauch,3,57.54,172.63
100138,2026-04-13 20:00:00,Brambory 2kg,Rohlik Farma,1,47.55,47.55
100138,2026-04-13 20:00:00,Mycí prostředek na nádobí,Jar,2,54.74,109.49
100138,2026-04-13 20:00:00,Šunka,Kostelecké uzeniny,3,80.79,242.36
100138,2026-04-13 20:00:00,Losos filet,Norway Seafoods,1,257.31,257.31
100138,2026-04-13 20:00:00,Chléb konzumní,Penam,1,45.64,45.64
100139,2026-04-16 12:00:00,Toaletní papír 8ks,Papírny,2,92.6,185.2
100139,2026-04-16 12:00:00,Mražená zelenina mix,Bonduelle,1,44.16,44.16
100139,2026-04-16 12:00:00,Čokoláda,Milka,2,38.94,77.88
100139,2026-04-16 12:00:00,Mycí prostředek na nádobí,Jar,2,62.52,125.04
100139,2026-04-16 12:00:00,Víno červené,Bohemia Sekt,1,170.5,170.5
100139,2026-04-16 12:00:00,Mleté hovězí maso,Steak House,3,212.79,638.38
100139,2026-04-16 12:00:00,Čerstvé mléko 1l,Rohlik Farma,1,26.68,26.68
100139,2026-04-16 12:00:00,Minerální voda 1.5l,Mattoni,3,21.14,63.43
100140,2026-04-17 12:00:00,Káva zrnková 250g,Illy,2,221.5,443.0
100140,2026-04-17 12:00:00,Ořechy mix 200g,Rohlik Farma,2,90.36,180.73
100140,2026-04-17 12:00:00,Mrkev,Rohlik Farma,2,22.96,45.91
100140,2026-04-17 12:00:00,Rajčata,Rohlik Farma,3,50.43,151.28
100140,2026-04-17 12:00:00,Eidam 30% plátky,Madeta,1,42.72,42.72
100140,2026-04-17 12:00:00,Banány,Rohlik Farma,2,39.85,79.7
100140,2026-04-17 12:00:00,Toaletní papír 8ks,Papírny,1,97.94,97.94
100141,2026-04-19 18:00:00,Vejce M 10ks,Rohlik Farma,1,90.03,90.03
100141,2026-04-19 18:00:00,Mražená zelenina mix,Bonduelle,1,44.16,44.16
100141,2026-04-19 18:00:00,Rajčata,Rohlik Farma,1,60.3,60.3
100141,2026-04-19 18:00:00,Kuřecí prsa,Vodňanské kuře,3,172.51,517.52
100141,2026-04-19 18:00:00,Croissant,Rohlik Bakery,2,28.11,56.21
100141,2026-04-19 18:00:00,Chléb konzumní,Penam,1,39.21,39.21
100141,2026-04-19 18:00:00,Ořechy mix 200g,Rohlik Farma,3,87.48,262.43
100141,2026-04-19 18:00:00,Káva zrnková 250g,Illy,2,202.13,404.25
100141,2026-04-19 18:00:00,Toaletní papír 8ks,Papírny,1,108.28,108.28
100141,2026-04-19 18:00:00,Avokádo,Rohlik Farma,2,36.33,72.65
100141,2026-04-19 18:00:00,Pomerančový džus,Rauch,1,62.62,62.62
100141,2026-04-19 18:00:00,Bílý jogurt 400g,Danone,1,35.53,35.53
100141,2026-04-19 18:00:00,Mleté hovězí maso,Steak House,1,212.21,212.21
100142,2026-04-20 08:00:00,Vejce M 10ks,Rohlik Farma,3,86.41,259.23
100142,2026-04-20 08:00:00,Mražená zelenina mix,Bonduelle,1,48.91,48.91
100142,2026-04-20 08:00:00,Čerstvé mléko 1l,Rohlik Farma,2,30.33,60.67
100142,2026-04-20 08:00:00,Rohlíky 6ks,Rohlik Bakery,1,20.54,20.54
100142,2026-04-20 08:00:00,Víno červené,Bohemia Sekt,2,183.94,367.88
100142,2026-04-20 08:00:00,Zmrzlina vanilková,Ben & Jerry's,2,127.83,255.67
100142,2026-04-20 08:00:00,Pomerančový džus,Rauch,1,62.87,62.87
100142,2026-04-20 08:00:00,Mycí prostředek na nádobí,Jar,2,58.91,117.81
100142,2026-04-20 08:00:00,Losos filet,Norway Seafoods,2,232.84,465.68
100142,2026-04-20 08:00:00,Prací gel 1.5l,Persil,1,178.56,178.56
100142,2026-04-20 08:00:00,Rajčata,Rohlik Farma,2,58.57,117.13
100142,2026-04-20 08:00:00,Máslo 250g,Prezident,1,70.46,70.46
100142,2026-04-20 08:00:00,Minerální voda 1.5l,Mattoni,2,21.56,43.12
100142,2026-04-20 08:00:00,Mrkev,Rohlik Farma,1,23.87,23.87
100142,2026-04-20 08:00:00,Croissant,Rohlik Bakery,2,27.78,55.56
100143,2026-04-21 12:00:00,Toaletní papír 8ks,Papírny,1,98.71,98.71
100143,2026-04-21 12:00:00,Rajčata,Rohlik Farma,2,61.62,123.24
100143,2026-04-21 12:00:00,Rohlíky 6ks,Rohlik Bakery,1,25.19,25.19
100143,2026-04-21 12:00:00,Mražená pizza,Dr. Oetker,1,91.65,91.65
100144,2026-04-24 18:00:00,Minerální voda 1.5l,Mattoni,1,19.55,19.55
100144,2026-04-24 18:00:00,Pomerančový džus,Rauch,1,65.15,65.15
100144,2026-04-24 18:00:00,Banány,Rohlik Farma,1,39.85,39.85
100144,2026-04-24 18:00:00,Losos filet,Norway Seafoods,2,279.33,558.65
100144,2026-04-24 18:00:00,Víno červené,Bohemia Sekt,1,183.56,183.56
100144,2026-04-24 18:00:00,Ořechy mix 200g,Rohlik Farma,1,89.89,89.89
100144,2026-04-24 18:00:00,Mleté hovězí maso,Steak House,1,173.74,173.74
100144,2026-04-24 18:00:00,Mražená zelenina mix,Bonduelle,3,47.54,142.62
100144,2026-04-24 18:00:00,Čokoláda,Milka,1,36.92,36.92
100144,2026-04-24 18:00:00,Vejce M 10ks,Rohlik Farma,1,82.99,82.99
100144,2026-04-24 18:00:00,Rohlíky 6ks,Rohlik Bakery,1,23.44,23.44
100144,2026-04-24 18:00:00,Mrkev,Rohlik Farma,2,27.57,55.14
100144,2026-04-24 18:00:00,Chipsy,Lay's,3,41.78,125.33
100145,2026-04-29 12:00:00,Bílý jogurt 400g,Danone,2,29.11,58.23
100145,2026-04-29 12:00:00,Pomerančový džus,Rauch,2,55.27,110.53
100145,2026-04-29 12:00:00,Banány,Rohlik Farma,1,37.62,37.62
100145,2026-04-29 12:00:00,Víno červené,Bohemia Sekt,1,184.22,184.22
100146,2026-04-30 08:00:00,Mycí prostředek na nádobí,Jar,2,58.57,117.14
100146,2026-04-30 08:00:00,Toaletní papír 8ks,Papírny,1,93.25,93.25
100146,2026-04-30 08:00:00,Ořechy mix 200g,Rohlik Farma,3,87.72,263.17
100146,2026-04-30 08:00:00,Avokádo,Rohlik Farma,2,36.72,73.44
100146,2026-04-30 08:00:00,Vejce M 10ks,Rohlik Farma,1,75.64,75.64
100146,2026-04-30 08:00:00,Rajčata,Rohlik Farma,2,51.32,102.64
100146,2026-04-30 08:00:00,Chléb konzumní,Penam,1,39.92,39.92
100146,2026-04-30 08:00:00,Káva zrnková 250g,Illy,2,213.15,426.29
100146,2026-04-30 08:00:00,Croissant,Rohlik Bakery,1,30.49,30.49
100146,2026-04-30 08:00:00,Mražená zelenina mix,Bonduelle,1,49.93,49.93
100146,2026-04-30 08:00:00,Banány,Rohlik Farma,2,40.95,81.9
100146,2026-04-30 08:00:00,Brambory 2kg,Rohlik Farma,2,50.27,100.53
100146,2026-04-30 08:00:00,Šunka,Kostelecké uzeniny,1,82.17,82.17
100146,2026-04-30 08:00:00,Bílý jogurt 400g,Danone,3,29.84,89.53
100146,2026-04-30 08:00:00,Prací gel 1.5l,Persil,2,195.58,391.16
100147,2026-05-01 20:00:00,Šunka,Kostelecké uzeniny,3,100.3,300.9
100147,2026-05-01 20:00:00,Mleté hovězí maso,Steak House,3,197.32,591.97
100147,2026-05-01 20:00:00,Zmrzlina vanilková,Ben & Jerry's,2,120.42,240.84
100147,2026-05-01 20:00:00,Máslo 250g,Prezident,2,70.95,141.89
100147,2026-05-01 20:00:00,Prací gel 1.5l,Persil,1,183.48,183.48
100147,2026-05-01 20:00:00,Rohlíky 6ks,Rohlik Bakery,2,22.05,44.1
100147,2026-05-01 20:00:00,Mražená pizza,Dr. Oetker,1,89.24,89.24
100147,2026-05-01 20:00:00,Brambory 2kg,Rohlik Farma,3,53.77,161.31
100147,2026-05-01 20:00:00,Croissant,Rohlik Bakery,2,29.89,59.78
100147,2026-05-01 20:00:00,Losos filet,Norway Seafoods,2,224.55,449.1
100147,2026-05-01 20:00:00,Mražená zelenina mix,Bonduelle,3,46.62,139.85
100147,2026-05-01 20:00:00,Pomerančový džus,Rauch,1,59.13,59.13
100148,2026-05-02 20:00:00,Pomerančový džus,Rauch,1,58.56,58.56
100148,2026-05-02 20:00:00,Mrkev,Rohlik Farma,2,25.52,51.05
100148,2026-05-02 20:00:00,Mražená zelenina mix,Bonduelle,1,51.18,51.18
100148,2026-05-02 20:00:00,Minerální voda 1.5l,Mattoni,3,18.99,56.97
100148,2026-05-02 20:00:00,Šunka,Kostelecké uzeniny,1,99.12,99.12
100148,2026-05-02 20:00:00,Mražená pizza,Dr. Oetker,3,92.05,276.14
100148,2026-05-02 20:00:00,Mleté hovězí maso,Steak House,1,191.2,191.2
100148,2026-05-02 20:00:00,Káva zrnková 250g,Illy,3,226.32,678.97
100148,2026-05-02 20:00:00,Zmrzlina vanilková,Ben & Jerry's,1,123.02,123.02
100148,2026-05-02 20:00:00,Losos filet,Norway Seafoods,2,273.03,546.07
100148,2026-05-02 20:00:00,Rajčata,Rohlik Farma,2,57.94,115.89
100148,2026-05-02 20:00:00,Čokoláda,Milka,3,41.99,125.97
100148,2026-05-02 20:00:00,Ořechy mix 200g,Rohlik Farma,1,88.76,88.76
100148,2026-05-02 20:00:00,Croissant,Rohlik Bakery,3,26.14,78.42
100149,2026-05-03 12:00:00,Mražená pizza,Dr. Oetker,3,98.61,295.84
100149,2026-05-03 12:00:00,Káva zrnková 250g,Illy,2,209.64,419.29
100149,2026-05-03 12:00:00,Šunka,Kostelecké uzeniny,2,86.47,172.95
100149,2026-05-03 12:00:00,Vejce M 10ks,Rohlik Farma,2,72.23,144.47
100149,2026-05-03 12:00:00,Ořechy mix 200g,Rohlik Farma,1,94.35,94.35
100149,2026-05-03 12:00:00,Mrkev,Rohlik Farma,2,22.57,45.13
100149,2026-05-03 12:00:00,Brambory 2kg,Rohlik Farma,3,55.5,166.51
100149,2026-05-03 12:00:00,Mleté hovězí maso,Steak House,2,183.61,367.23
100149,2026-05-03 12:00:00,Čokoláda,Milka,1,42.74,42.74
100149,2026-05-03 12:00:00,Mražená zelenina mix,Bonduelle,2,50.42,100.84
100149,2026-05-03 12:00:00,Máslo 250g,Prezident,1,68.5,68.5
100150,2026-05-05 08:00:00,Vejce M 10ks,Rohlik Farma,2,79.11,158.22
100150,2026-05-05 08:00:00,Mrkev,Rohlik Farma,1,25.74,25.74
100150,2026-05-05 08:00:00,Chipsy,Lay's,3,48.42,145.25
100150,2026-05-05 08:00:00,Losos filet,Norway Seafoods,1,258.31,258.31
100150,2026-05-05 08:00:00,Mleté hovězí maso,Steak House,3,209.31,627.92
100150,2026-05-05 08:00:00,Toaletní papír 8ks,Papírny,2,97.72,195.43
100151,2026-05-07 12:00:00,Mražená pizza,Dr. Oetker,2,96.38,192.77
100151,2026-05-07 12:00:00,Losos filet,Norway Seafoods,1,274.08,274.08
100151,2026-05-07 12:00:00,Pomerančový džus,Rauch,1,66.02,66.02
100151,2026-05-07 12:00:00,Čerstvé mléko 1l,Rohlik Farma,2,26.95,53.9
100151,2026-05-07 12:00:00,Mrkev,Rohlik Farma,2,28.54,57.08
100151,2026-05-07 12:00:00,Banány,Rohlik Farma,2,39.82,79.63
100151,2026-05-07 12:00:00,Šunka,Kostelecké uzeniny,1,96.95,96.95
100151,2026-05-07 12:00:00,Rohlíky 6ks,Rohlik Bakery,2,23.55,47.1
100151,2026-05-07 12:00:00,Eidam 30% plátky,Madeta,2,50.2,100.4
100151,2026-05-07 12:00:00,Minerální voda 1.5l,Mattoni,2,17.65,35.3
100151,2026-05-07 12:00:00,Vejce M 10ks,Rohlik Farma,1,78.66,78.66
100152,2026-05-09 12:00:00,Kuřecí prsa,Vodňanské kuře,1,157.15,157.15
100152,2026-05-09 12:00:00,Šunka,Kostelecké uzeniny,2,86.09,172.17
100152,2026-05-09 12:00:00,Mleté hovězí maso,Steak House,3,202.38,607.13
100152,2026-05-09 12:00:00,Rohlíky 6ks,Rohlik Bakery,1,22.54,22.54
100152,2026-05-09 12:00:00,Minerální voda 1.5l,Mattoni,1,18.22,18.22
100152,2026-05-09 12:00:00,Čerstvé mléko 1l,Rohlik Farma,1,31.31,31.31
100152,2026-05-09 12:00:00,Prací gel 1.5l,Persil,1,180.93,180.93
100152,2026-05-09 12:00:00,Mrkev,Rohlik Farma,1,27.73,27.73
100152,2026-05-09 12:00:00,Brambory 2kg,Rohlik Farma,1,46.01,46.01
100152,2026-05-09 12:00:00,Avokádo,Rohlik Farma,1,32.55,32.55
100152,2026-05-09 12:00:00,Vejce M 10ks,Rohlik Farma,1,84.45,84.45
100152,2026-05-09 12:00:00,Losos filet,Norway Seafoods,3,254.77,764.31
100152,2026-05-09 12:00:00,Mražená pizza,Dr. Oetker,1,108.02,108.02
100152,2026-05-09 12:00:00,Káva zrnková 250g,Illy,2,226.76,453.52
100152,2026-05-09 12:00:00,Banány,Rohlik Farma,2,38.72,77.44
100152,2026-05-09 12:00:00,Toaletní papír 8ks,Papírny,1,101.29,101.29
100153,2026-05-16 12:00:00,Pomerančový džus,Rauch,2,59.89,119.77
100153,2026-05-16 12:00:00,Bílý jogurt 400g,Danone,3,28.87,86.6
100153,2026-05-16 12:00:00,Máslo 250g,Prezident,3,61.92,185.77
100153,2026-05-16 12:00:00,Rohlíky 6ks,Rohlik Bakery,2,20.35,40.71
100153,2026-05-16 12:00:00,Čokoláda,Milka,1,41.07,41.07
100153,2026-05-16 12:00:00,Šunka,Kostelecké uzeniny,1,84.26,84.26
100153,2026-05-16 12:00:00,Croissant,Rohlik Bakery,1,27.82,27.82
100153,2026-05-16 12:00:00,Minerální voda 1.5l,Mattoni,2,21.65,43.31
100153,2026-05-16 12:00:00,Zmrzlina vanilková,Ben & Jerry's,1,127.9,127.9
100153,2026-05-16 12:00:00,Ořechy mix 200g,Rohlik Farma,2,89.53,179.07
100153,2026-05-16 12:00:00,Mleté hovězí maso,Steak House,2,203.21,406.42
100153,2026-05-16 12:00:00,Losos filet,Norway Seafoods,1,246.83,246.83
100153,2026-05-16 12:00:00,Banány,Rohlik Farma,2,37.83,75.65
100153,2026-05-16 12:00:00,Chléb konzumní,Penam,1,43.8,43.8
100153,2026-05-16 12:00:00,Eidam 30% plátky,Madeta,2,48.22,96.44
100153,2026-05-16 12:00:00,Káva zrnková 250g,Illy,1,214.96,214.96
100154,2026-05-20 12:00:00,Čokoláda,Milka,1,37.55,37.55
100154,2026-05-20 12:00:00,Čerstvé mléko 1l,Rohlik Farma,2,25.53,51.07
100154,2026-05-20 12:00:00,Banány,Rohlik Farma,1,41.83,41.83
100154,2026-05-20 12:00:00,Šunka,Kostelecké uzeniny,1,84.89,84.89
100154,2026-05-20 12:00:00,Croissant,Rohlik Bakery,1,29.55,29.55
100154,2026-05-20 12:00:00,Bílý jogurt 400g,Danone,3,29.57,88.71
100154,2026-05-20 12:00:00,Víno červené,Bohemia Sekt,3,176.08,528.23
100154,2026-05-20 12:00:00,Rohlíky 6ks,Rohlik Bakery,1,21.78,21.78
100154,2026-05-20 12:00:00,Minerální voda 1.5l,Mattoni,2,21.53,43.05
100154,2026-05-20 12:00:00,Kuřecí prsa,Vodňanské kuře,1,156.78,156.78
100154,2026-05-20 12:00:00,Mražená pizza,Dr. Oetker,2,92.1,184.2
100155,2026-05-23 12:00:00,Avokádo,Rohlik Farma,1,35.19,35.19
100155,2026-05-23 12:00:00,Mleté hovězí maso,Steak House,2,197.11,394.22
100155,2026-05-23 12:00:00,Kuřecí prsa,Vodňanské kuře,1,146.24,146.24
100155,2026-05-23 12:00:00,Toaletní papír 8ks,Papírny,1,94.75,94.75
100155,2026-05-23 12:00:00,Rohlíky 6ks,Rohlik Bakery,1,23.39,23.39
100155,2026-05-23 12:00:00,Croissant,Rohlik Bakery,3,28.04,84.12
100155,2026-05-23 12:00:00,Mycí prostředek na nádobí,Jar,3,54.94,164.81
100155,2026-05-23 12:00:00,Chléb konzumní,Penam,2,46.0,92.0
100155,2026-05-23 12:00:00,Vejce M 10ks,Rohlik Farma,1,85.87,85.87
100155,2026-05-23 12:00:00,Losos filet,Norway Seafoods,2,284.2,568.41
100155,2026-05-23 12:00:00,Káva zrnková 250g,Illy,2,187.42,374.85
100155,2026-05-23 12:00:00,Mražená pizza,Dr. Oetker,1,92.19,92.19
100155,2026-05-23 12:00:00,Prací gel 1.5l,Persil,1,201.38,201.38
100155,2026-05-23 12:00:00,Bílý jogurt 400g,Danone,3,34.41,103.22
100155,2026-05-23 12:00:00,Banány,Rohlik Farma,1,37.15,37.15
100155,2026-05-23 12:00:00,Zmrzlina vanilková,Ben & Jerry's,2,119.42,238.84
100156,2026-05-24 20:00:00,Máslo 250g,Prezident,3,73.64,220.91
100156,2026-05-24 20:00:00,Čerstvé mléko 1l,Rohlik Farma,2,27.37,54.73
100156,2026-05-24 20:00:00,Chipsy,Lay's,1,48.8,48.8
100156,2026-05-24 20:00:00,Losos filet,Norway Seafoods,2,263.1,526.2
100156,2026-05-24 20:00:00,Rohlíky 6ks,Rohlik Bakery,1,22.7,22.7
100156,2026-05-24 20:00:00,Zmrzlina vanilková,Ben & Jerry's,1,117.02,117.02
100156,2026-05-24 20:00:00,Vejce M 10ks,Rohlik Farma,3,78.15,234.44
100156,2026-05-24 20:00:00,Eidam 30% plátky,Madeta,1,50.22,50.22
100156,2026-05-24 20:00:00,Mrkev,Rohlik Farma,2,28.59,57.19
100156,2026-05-24 20:00:00,Káva zrnková 250g,Illy,2,225.61,451.22
100156,2026-05-24 20:00:00,Bílý jogurt 400g,Danone,2,32.36,64.72
100156,2026-05-24 20:00:00,Mycí prostředek na nádobí,Jar,3,56.92,170.75
100157,2026-06-03 08:00:00,Avokádo,Rohlik Farma,1,35.61,35.61
100157,2026-06-03 08:00:00,Mleté hovězí maso,Steak House,1,202.6,202.6
100157,2026-06-03 08:00:00,Šunka,Kostelecké uzeniny,2,101.17,202.34
100157,2026-06-03 08:00:00,Mrkev,Rohlik Farma,2,24.37,48.75
100157,2026-06-03 08:00:00,Bílý jogurt 400g,Danone,2,35.18,70.37
100157,2026-06-03 08:00:00,Mražená pizza,Dr. Oetker,2,94.82,189.65
100157,2026-06-03 08:00:00,Čerstvé mléko 1l,Rohlik Farma,1,29.04,29.04
100157,2026-06-03 08:00:00,Mycí prostředek na nádobí,Jar,1,55.16,55.16
100157,2026-06-03 08:00:00,Rohlíky 6ks,Rohlik Bakery,2,22.2,44.41
100157,2026-06-03 08:00:00,Čokoláda,Milka,1,36.69,36.69
100157,2026-06-03 08:00:00,Mražená zelenina mix,Bonduelle,3,52.01,156.04
100158,2026-06-05 08:00:00,Víno červené,Bohemia Sekt,3,194.35,583.04
100158,2026-06-05 08:00:00,Brambory 2kg,Rohlik Farma,1,49.16,49.16
100158,2026-06-05 08:00:00,Rohlíky 6ks,Rohlik Bakery,1,20.8,20.8
100158,2026-06-05 08:00:00,Chipsy,Lay's,1,41.74,41.74
100158,2026-06-05 08:00:00,Čokoláda,Milka,2,41.12,82.25
100158,2026-06-05 08:00:00,Káva zrnková 250g,Illy,1,213.95,213.95
100158,2026-06-05 08:00:00,Prací gel 1.5l,Persil,2,178.97,357.95
100158,2026-06-05 08:00:00,Toaletní papír 8ks,Papírny,1,92.87,92.87
100158,2026-06-05 08:00:00,Mrkev,Rohlik Farma,2,22.64,45.28
100158,2026-06-05 08:00:00,Avokádo,Rohlik Farma,1,33.97,33.97
100159,2026-06-06 20:00:00,Čerstvé mléko 1l,Rohlik Farma,1,31.1,31.1
100159,2026-06-06 20:00:00,Brambory 2kg,Rohlik Farma,1,44.79,44.79
100159,2026-06-06 20:00:00,Vejce M 10ks,Rohlik Farma,2,72.51,145.02
100159,2026-06-06 20:00:00,Bílý jogurt 400g,Danone,2,30.25,60.51
100159,2026-06-06 20:00:00,Mražená pizza,Dr. Oetker,1,109.33,109.33
100159,2026-06-06 20:00:00,Croissant,Rohlik Bakery,1,26.98,26.98
100159,2026-06-06 20:00:00,Rajčata,Rohlik Farma,3,52.92,158.77
100159,2026-06-06 20:00:00,Kuřecí prsa,Vodňanské kuře,2,152.92,305.85
100159,2026-06-06 20:00:00,Šunka,Kostelecké uzeniny,1,84.53,84.53
100159,2026-06-06 20:00:00,Avokádo,Rohlik Farma,3,38.25,114.74
100159,2026-06-06 20:00:00,Chipsy,Lay's,2,47.99,95.99
100159,2026-06-06 20:00:00,Mleté hovězí maso,Steak House,1,192.44,192.44
100159,2026-06-06 20:00:00,Chléb konzumní,Penam,3,47.89,143.68
100159,2026-06-06 20:00:00,Máslo 250g,Prezident,1,61.08,61.08
100159,2026-06-06 20:00:00,Prací gel 1.5l,Persil,3,172.09,516.28
100160,2026-06-09 18:00:00,Mleté hovězí maso,Steak House,3,190.61,571.84
100160,2026-06-09 18:00:00,Mražená zelenina mix,Bonduelle,1,46.15,46.15
100160,2026-06-09 18:00:00,Máslo 250g,Prezident,1,68.0,68.0
100160,2026-06-09 18:00:00,Toaletní papír 8ks,Papírny,2,108.63,217.26
100160,2026-06-09 18:00:00,Rajčata,Rohlik Farma,1,62.82,62.82
100160,2026-06-09 18:00:00,Eidam 30% plátky,Madeta,2,49.31,98.63
100160,2026-06-09 18:00:00,Brambory 2kg,Rohlik Farma,2,52.53,105.07
100161,2026-06-10 08:00:00,Banány,Rohlik Farma,1,35.68,35.68
100161,2026-06-10 08:00:00,Croissant,Rohlik Bakery,3,27.22,81.65
100161,2026-06-10 08:00:00,Vejce M 10ks,Rohlik Farma,2,86.73,173.46
100161,2026-06-10 08:00:00,Toaletní papír 8ks,Papírny,1,101.17,101.17
100161,2026-06-10 08:00:00,Káva zrnková 250g,Illy,1,227.94,227.94
100161,2026-06-10 08:00:00,Kuřecí prsa,Vodňanské kuře,3,173.18,519.54
100161,2026-06-10 08:00:00,Víno červené,Bohemia Sekt,2,193.91,387.82
100162,2026-06-11 20:00:00,Mycí prostředek na nádobí,Jar,2,59.08,118.17
100162,2026-06-11 20:00:00,Bílý jogurt 400g,Danone,1,33.33,33.33
100162,2026-06-11 20:00:00,Mrkev,Rohlik Farma,2,24.67,49.35
100162,2026-06-11 20:00:00,Máslo 250g,Prezident,3,66.11,198.33
100162,2026-06-11 20:00:00,Croissant,Rohlik Bakery,2,32.73,65.46
100162,2026-06-11 20:00:00,Prací gel 1.5l,Persil,2,177.68,355.35
100162,2026-06-11 20:00:00,Chléb konzumní,Penam,2,39.43,78.86
100162,2026-06-11 20:00:00,Minerální voda 1.5l,Mattoni,1,20.99,20.99
100162,2026-06-11 20:00:00,Avokádo,Rohlik Farma,2,34.71,69.42
100163,2026-06-12 20:00:00,Banány,Rohlik Farma,2,36.6,73.21
100163,2026-06-12 20:00:00,Mražená zelenina mix,Bonduelle,1,48.05,48.05
100163,2026-06-12 20:00:00,Čerstvé mléko 1l,Rohlik Farma,3,27.45,82.36
100163,2026-06-12 20:00:00,Káva zrnková 250g,Illy,1,205.13,205.13
100163,2026-06-12 20:00:00,Mleté hovězí maso,Steak House,1,172.17,172.17
100163,2026-06-12 20:00:00,Chipsy,Lay's,1,42.51,42.51
100163,2026-06-12 20:00:00,Ořechy mix 200g,Rohlik Farma,1,84.6,84.6
100163,2026-06-12 20:00:00,Brambory 2kg,Rohlik Farma,2,46.45,92.89
100163,2026-06-12 20:00:00,Kuřecí prsa,Vodňanské kuře,1,165.8,165.8
100163,2026-06-12 20:00:00,Vejce M 10ks,Rohlik Farma,2,84.09,168.19
100163,2026-06-12 20:00:00,Minerální voda 1.5l,Mattoni,2,20.06,40.13
100163,2026-06-12 20:00:00,Losos filet,Norway Seafoods,2,240.03,480.06
100163,2026-06-12 20:00:00,Rajčata,Rohlik Farma,1,52.53,52.53
100163,2026-06-12 20:00:00,Rohlíky 6ks,Rohlik Bakery,3,20.19,60.57
100163,2026-06-12 20:00:00,Croissant,Rohlik Bakery,1,30.85,30.85
100164,2026-06-17 20:00:00,Čokoláda,Milka,1,35.86,35.86
100164,2026-06-17 20:00:00,Prací gel 1.5l,Persil,1,215.49,215.49
100164,2026-06-17 20:00:00,Máslo 250g,Prezident,1,60.14,60.14
100164,2026-06-17 20:00:00,Ořechy mix 200g,Rohlik Farma,1,91.93,91.93
100164,2026-06-17 20:00:00,Káva zrnková 250g,Illy,1,188.71,188.71
100164,2026-06-17 20:00:00,Mrkev,Rohlik Farma,3,24.05,72.16
100164,2026-06-17 20:00:00,Rohlíky 6ks,Rohlik Bakery,3,25.01,75.03
100164,2026-06-17 20:00:00,Zmrzlina vanilková,Ben & Jerry's,2,140.26,280.52
100164,2026-06-17 20:00:00,Vejce M 10ks,Rohlik Farma,2,85.84,171.67
100165,2026-06-23 12:00:00,Losos filet,Norway Seafoods,1,249.77,249.77
100165,2026-06-23 12:00:00,Rohlíky 6ks,Rohlik Bakery,3,22.17,66.5
100165,2026-06-23 12:00:00,Kuřecí prsa,Vodňanské kuře,3,155.96,467.87
100165,2026-06-23 12:00:00,Toaletní papír 8ks,Papírny,1,103.04,103.04
100165,2026-06-23 12:00:00,Banány,Rohlik Farma,1,38.76,38.76
100165,2026-06-23 12:00:00,Minerální voda 1.5l,Mattoni,2,21.5,43.0
100165,2026-06-23 12:00:00,Káva zrnková 250g,Illy,1,197.01,197.01
100165,2026-06-23 12:00:00,Chléb konzumní,Penam,2,42.5,85.0
100165,2026-06-23 12:00:00,Mleté hovězí maso,Steak House,2,170.11,340.22
100165,2026-06-23 12:00:00,Zmrzlina vanilková,Ben & Jerry's,1,147.8,147.8
100165,2026-06-23 12:00:00,Chipsy,Lay's,2,40.68,81.37
100165,2026-06-23 12:00:00,Víno červené,Bohemia Sekt,1,205.56,205.56
100166,2026-06-24 18:00:00,Rajčata,Rohlik Farma,2,56.53,113.06
100166,2026-06-24 18:00:00,Zmrzlina vanilková,Ben & Jerry's,2,145.96,291.92
100166,2026-06-24 18:00:00,Kuřecí prsa,Vodňanské kuře,1,146.85,146.85
100166,2026-06-24 18:00:00,Čerstvé mléko 1l,Rohlik Farma,2,27.69,55.38
100166,2026-06-24 18:00:00,Chipsy,Lay's,1,43.48,43.48
100166,2026-06-24 18:00:00,Prací gel 1.5l,Persil,2,181.91,363.81
100166,2026-06-24 18:00:00,Mrkev,Rohlik Farma,1,27.57,27.57
100167,2026-06-25 20:00:00,Mražená pizza,Dr. Oetker,3,109.11,327.32
100167,2026-06-25 20:00:00,Rajčata,Rohlik Farma,2,50.58,101.16
100167,2026-06-25 20:00:00,Mycí prostředek na nádobí,Jar,1,62.18,62.18
100167,2026-06-25 20:00:00,Vejce M 10ks,Rohlik Farma,1,77.97,77.97
100167,2026-06-25 20:00:00,Zmrzlina vanilková,Ben & Jerry's,2,129.53,259.07
100167,2026-06-25 20:00:00,Kuřecí prsa,Vodňanské kuře,1,177.67,177.67
100167,2026-06-25 20:00:00,Croissant,Rohlik Bakery,1,31.52,31.52
100167,2026-06-25 20:00:00,Banány,Rohlik Farma,2,44.15,88.31
100167,2026-06-25 20:00:00,Čokoláda,Milka,3,42.68,128.04
100167,2026-06-25 20:00:00,Pomerančový džus,Rauch,2,53.9,107.8
100167,2026-06-25 20:00:00,Eidam 30% plátky,Madeta,2,40.96,81.93
100167,2026-06-25 20:00:00,Avokádo,Rohlik Farma,2,36.44,72.89
100167,2026-06-25 20:00:00,Máslo 250g,Prezident,1,66.66,66.66
100168,2026-06-26 08:00:00,Mycí prostředek na nádobí,Jar,1,50.63,50.63
100168,2026-06-26 08:00:00,Losos filet,Norway Seafoods,2,270.5,540.99
100168,2026-06-26 08:00:00,Chléb konzumní,Penam,2,41.99,83.98
100168,2026-06-26 08:00:00,Chipsy,Lay's,1,44.98,44.98
100168,2026-06-26 08:00:00,Káva zrnková 250g,Illy,2,217.6,435.2
100168,2026-06-26 08:00:00,Pomerančový džus,Rauch,1,64.34,64.34
100168,2026-06-26 08:00:00,Rohlíky 6ks,Rohlik Bakery,2,22.88,45.75
100168,2026-06-26 08:00:00,Vejce M 10ks,Rohlik Farma,2,78.91,157.82
100168,2026-06-26 08:00:00,Brambory 2kg,Rohlik Farma,2,46.5,93.0
100168,2026-06-26 08:00:00,Šunka,Kostelecké uzeniny,2,102.29,204.57
100168,2026-06-26 08:00:00,Avokádo,Rohlik Farma,2,33.65,67.31
100168,2026-06-26 08:00:00,Mražená zelenina mix,Bonduelle,1,47.36,47.36
100168,2026-06-26 08:00:00,Bílý jogurt 400g,Danone,2,31.39,62.77
100168,2026-06-26 08:00:00,Minerální voda 1.5l,Mattoni,2,17.53,35.05
100169,2026-06-29 18:00:00,Káva zrnková 250g,Illy,2,186.35,372.71
100169,2026-06-29 18:00:00,Víno červené,Bohemia Sekt,1,202.46,202.46
100169,2026-06-29 18:00:00,Čerstvé mléko 1l,Rohlik Farma,1,26.6,26.6
100169,2026-06-29 18:00:00,Chipsy,Lay's,1,42.25,42.25
100169,2026-06-29 18:00:00,Avokádo,Rohlik Farma,3,38.96,116.89
100169,2026-06-29 18:00:00,Banány,Rohlik Farma,1,42.31,42.31
100169,2026-06-29 18:00:00,Mleté hovězí maso,Steak House,1,214.94,214.94
100169,2026-06-29 18:00:00,Mražená pizza,Dr. Oetker,1,110.6,110.6
100169,2026-06-29 18:00:00,Chléb konzumní,Penam,1,37.94,37.94
